RMA,MPSC,3,2,1,1,10,Consumer,0,8,16,0.000103257,0.000072156,openmpi/4.1.1-ucx-no-verbs-no-libfabric,node01
RMA,MPSC,3,2,1,1,10,Producer,1,8,8,0.000103257,0.000072156,openmpi/4.1.1-ucx-no-verbs-no-libfabric,node01
RMA,MPSC,3,2,1,1,10,Producer,2,8,8,0.000103257,0.000072156,openmpi/4.1.1-ucx-no-verbs-no-libfabric,node01
RMA,MPSC,3,2,1,1,10,Consumer,0,16,32,0.000063454,0.000234834,openmpi/4.1.1-ucx-no-verbs-no-libfabric,node01
RMA,MPSC,3,2,1,1,10,Producer,1,16,16,0.000063454,0.000234834,openmpi/4.1.1-ucx-no-verbs-no-libfabric,node01
RMA,MPSC,3,2,1,1,10,Producer,2,16,16,0.000063454,0.000234834,openmpi/4.1.1-ucx-no-verbs-no-libfabric,node01
RMA,MPSC,3,2,1,1,10,Consumer,0,32,64,0.000096540,0.000308704,openmpi/4.1.1-ucx-no-verbs-no-libfabric,node01
RMA,MPSC,3,2,1,1,10,Producer,1,32,32,0.000096540,0.000308704,openmpi/4.1.1-ucx-no-verbs-no-libfabric,node01
RMA,MPSC,3,2,1,1,10,Producer,2,32,32,0.000096540,0.000308704,openmpi/4.1.1-ucx-no-verbs-no-libfabric,node01
RMA,MPSC,3,2,1,1,10,Consumer,0,64,128,0.000231750,0.000257194,openmpi/4.1.1-ucx-no-verbs-no-libfabric,node01
RMA,MPSC,3,2,1,1,10,Producer,1,64,64,0.000231750,0.000257194,openmpi/4.1.1-ucx-no-verbs-no-libfabric,node01
RMA,MPSC,3,2,1,1,10,Producer,2,64,64,0.000231750,0.000257194,openmpi/4.1.1-ucx-no-verbs-no-libfabric,node01
RMA,MPSC,3,2,1,1,10,Consumer,0,128,256,0.000505152,0.000235987,openmpi/4.1.1-ucx-no-verbs-no-libfabric,node01
RMA,MPSC,3,2,1,1,10,Producer,1,128,128,0.000505152,0.000235987,openmpi/4.1.1-ucx-no-verbs-no-libfabric,node01
RMA,MPSC,3,2,1,1,10,Producer,2,128,128,0.000505152,0.000235987,openmpi/4.1.1-ucx-no-verbs-no-libfabric,node01
RMA,MPSC,3,2,1,1,10,Consumer,0,256,512,0.001091737,0.000218385,openmpi/4.1.1-ucx-no-verbs-no-libfabric,node01
RMA,MPSC,3,2,1,1,10,Producer,1,256,256,0.001091737,0.000218385,openmpi/4.1.1-ucx-no-verbs-no-libfabric,node01
RMA,MPSC,3,2,1,1,10,Producer,2,256,256,0.001091737,0.000218385,openmpi/4.1.1-ucx-no-verbs-no-libfabric,node01
RMA,MPSC,3,2,1,1,10,Consumer,0,512,1024,0.002038067,0.000233965,openmpi/4.1.1-ucx-no-verbs-no-libfabric,node01
RMA,MPSC,3,2,1,1,10,Producer,1,512,512,0.002038066,0.000233966,openmpi/4.1.1-ucx-no-verbs-no-libfabric,node01
RMA,MPSC,3,2,1,1,10,Producer,2,512,512,0.002038067,0.000233965,openmpi/4.1.1-ucx-no-verbs-no-libfabric,node01
RMA,MPSC,3,2,1,1,10,Consumer,0,1024,2048,0.004264963,0.000223607,openmpi/4.1.1-ucx-no-verbs-no-libfabric,node01
RMA,MPSC,3,2,1,1,10,Producer,1,1024,1024,0.004264963,0.000223607,openmpi/4.1.1-ucx-no-verbs-no-libfabric,node01
RMA,MPSC,3,2,1,1,10,Producer,2,1024,1024,0.004264965,0.000223607,openmpi/4.1.1-ucx-no-verbs-no-libfabric,node01
RMA,MPSC,3,2,1,1,10,Consumer,0,2048,4096,0.008194957,0.000232747,openmpi/4.1.1-ucx-no-verbs-no-libfabric,node01
RMA,MPSC,3,2,1,1,10,Producer,1,2048,2048,0.008194958,0.000232747,openmpi/4.1.1-ucx-no-verbs-no-libfabric,node01
RMA,MPSC,3,2,1,1,10,Producer,2,2048,2048,0.008194954,0.000232747,openmpi/4.1.1-ucx-no-verbs-no-libfabric,node01
RMA,MPSC,3,2,1,1,10,Consumer,0,4096,8192,0.016755388,0.000227670,openmpi/4.1.1-ucx-no-verbs-no-libfabric,node01
RMA,MPSC,3,2,1,1,10,Producer,1,4096,4096,0.016755388,0.000227670,openmpi/4.1.1-ucx-no-verbs-no-libfabric,node01
RMA,MPSC,3,2,1,1,10,Producer,2,4096,4096,0.016755389,0.000227670,openmpi/4.1.1-ucx-no-verbs-no-libfabric,node01
RMA,MPSC,3,2,1,1,10,Consumer,0,8192,16384,0.033308728,0.000229051,openmpi/4.1.1-ucx-no-verbs-no-libfabric,node01
RMA,MPSC,3,2,1,1,10,Producer,1,8192,8192,0.033308728,0.000229051,openmpi/4.1.1-ucx-no-verbs-no-libfabric,node01
RMA,MPSC,3,2,1,1,10,Producer,2,8192,8192,0.033308738,0.000229051,openmpi/4.1.1-ucx-no-verbs-no-libfabric,node01
RMA,MPSC,3,2,1,1,10,Consumer,0,16384,32768,0.071018847,0.000214855,openmpi/4.1.1-ucx-no-verbs-no-libfabric,node01
RMA,MPSC,3,2,1,1,10,Producer,1,16384,16384,0.071018836,0.000214856,openmpi/4.1.1-ucx-no-verbs-no-libfabric,node01
RMA,MPSC,3,2,1,1,10,Producer,2,16384,16384,0.071018831,0.000214856,openmpi/4.1.1-ucx-no-verbs-no-libfabric,node01
RMA,MPSC,3,2,1,1,10,Consumer,0,32768,65536,0.135043417,0.000225983,openmpi/4.1.1-ucx-no-verbs-no-libfabric,node01
RMA,MPSC,3,2,1,1,10,Producer,1,32768,32768,0.135043440,0.000225983,openmpi/4.1.1-ucx-no-verbs-no-libfabric,node01
RMA,MPSC,3,2,1,1,10,Producer,2,32768,32768,0.135043497,0.000225983,openmpi/4.1.1-ucx-no-verbs-no-libfabric,node01
RMA,MPSC,3,2,1,1,10,Consumer,0,65536,131072,0.270350093,0.000225763,openmpi/4.1.1-ucx-no-verbs-no-libfabric,node01
RMA,MPSC,3,2,1,1,10,Producer,1,65536,65536,0.270350071,0.000225763,openmpi/4.1.1-ucx-no-verbs-no-libfabric,node01
RMA,MPSC,3,2,1,1,10,Producer,2,65536,65536,0.270350134,0.000225763,openmpi/4.1.1-ucx-no-verbs-no-libfabric,node01
RMA,MPSC,3,2,1,1,10,Consumer,0,131072,262144,0.533984232,0.000228603,openmpi/4.1.1-ucx-no-verbs-no-libfabric,node01
RMA,MPSC,3,2,1,1,10,Producer,1,131072,131072,0.533984452,0.000228603,openmpi/4.1.1-ucx-no-verbs-no-libfabric,node01
RMA,MPSC,3,2,1,1,10,Producer,2,131072,131072,0.533984218,0.000228603,openmpi/4.1.1-ucx-no-verbs-no-libfabric,node01
RMA,MPSC,3,2,1,1,10,Consumer,0,262144,524288,1.080447725,0.000225962,openmpi/4.1.1-ucx-no-verbs-no-libfabric,node01
RMA,MPSC,3,2,1,1,10,Producer,1,262144,262144,1.080447422,0.000225963,openmpi/4.1.1-ucx-no-verbs-no-libfabric,node01
RMA,MPSC,3,2,1,1,10,Producer,2,262144,262144,1.080447436,0.000225963,openmpi/4.1.1-ucx-no-verbs-no-libfabric,node01
RMA,MPSC,3,2,1,1,10,Consumer,0,524288,1048576,2.137680800,0.000228416,openmpi/4.1.1-ucx-no-verbs-no-libfabric,node01
RMA,MPSC,3,2,1,1,10,Producer,1,524288,524288,2.137680071,0.000228416,openmpi/4.1.1-ucx-no-verbs-no-libfabric,node01
RMA,MPSC,3,2,1,1,10,Producer,2,524288,524288,2.137680318,0.000228416,openmpi/4.1.1-ucx-no-verbs-no-libfabric,node01
RMA,MPSC,3,2,1,1,10,Consumer,0,1048576,2097152,4.196762064,0.000232694,openmpi/4.1.1-ucx-no-verbs-no-libfabric,node01
RMA,MPSC,3,2,1,1,10,Producer,1,1048576,1048576,4.196761207,0.000232694,openmpi/4.1.1-ucx-no-verbs-no-libfabric,node01
RMA,MPSC,3,2,1,1,10,Producer,2,1048576,1048576,4.196761680,0.000232694,openmpi/4.1.1-ucx-no-verbs-no-libfabric,node01
RMA,MPSC,3,2,1,1,10,Consumer,0,2097152,4194304,8.350545983,0.000233892,openmpi/4.1.1-ucx-no-verbs-no-libfabric,node01
RMA,MPSC,3,2,1,1,10,Producer,1,2097152,2097152,8.350544457,0.000233892,openmpi/4.1.1-ucx-no-verbs-no-libfabric,node01
RMA,MPSC,3,2,1,1,10,Producer,2,2097152,2097152,8.350545590,0.000233892,openmpi/4.1.1-ucx-no-verbs-no-libfabric,node01
RMA,MPSC,3,2,1,1,10,Consumer,0,4194304,8388608,17.322791545,0.000225498,openmpi/4.1.1-ucx-no-verbs-no-libfabric,node01
RMA,MPSC,3,2,1,1,10,Producer,1,4194304,4194304,17.322787606,0.000225498,openmpi/4.1.1-ucx-no-verbs-no-libfabric,node01
RMA,MPSC,3,2,1,1,10,Producer,2,4194304,4194304,17.322791163,0.000225498,openmpi/4.1.1-ucx-no-verbs-no-libfabric,node01
RMA,MPSC,4,3,1,1,10,Consumer,0,12,36,0.001355368,0.000008246,openmpi/4.1.1-ucx-no-verbs-no-libfabric,node01
RMA,MPSC,4,3,1,1,10,Producer,1,12,12,0.001355368,0.000008246,openmpi/4.1.1-ucx-no-verbs-no-libfabric,node01
RMA,MPSC,4,3,1,1,10,Producer,2,12,12,0.001355369,0.000008246,openmpi/4.1.1-ucx-no-verbs-no-libfabric,node01
RMA,MPSC,4,3,1,1,10,Producer,3,12,12,0.001355368,0.000008246,openmpi/4.1.1-ucx-no-verbs-no-libfabric,node01
RMA,MPSC,4,3,1,1,10,Consumer,0,24,72,0.000130517,0.000171255,openmpi/4.1.1-ucx-no-verbs-no-libfabric,node01
RMA,MPSC,4,3,1,1,10,Producer,1,24,24,0.000130517,0.000171255,openmpi/4.1.1-ucx-no-verbs-no-libfabric,node01
RMA,MPSC,4,3,1,1,10,Producer,2,24,24,0.000130517,0.000171255,openmpi/4.1.1-ucx-no-verbs-no-libfabric,node01
RMA,MPSC,4,3,1,1,10,Producer,3,24,24,0.000130517,0.000171255,openmpi/4.1.1-ucx-no-verbs-no-libfabric,node01
RMA,MPSC,4,3,1,1,10,Consumer,0,48,144,0.000280115,0.000159590,openmpi/4.1.1-ucx-no-verbs-no-libfabric,node01
RMA,MPSC,4,3,1,1,10,Producer,1,48,48,0.000280115,0.000159590,openmpi/4.1.1-ucx-no-verbs-no-libfabric,node01
RMA,MPSC,4,3,1,1,10,Producer,2,48,48,0.000280115,0.000159590,openmpi/4.1.1-ucx-no-verbs-no-libfabric,node01
RMA,MPSC,4,3,1,1,10,Producer,3,48,48,0.000280115,0.000159590,openmpi/4.1.1-ucx-no-verbs-no-libfabric,node01
RMA,MPSC,4,3,1,1,10,Consumer,0,96,288,0.000659127,0.000135645,openmpi/4.1.1-ucx-no-verbs-no-libfabric,node01
RMA,MPSC,4,3,1,1,10,Producer,1,96,96,0.000659127,0.000135644,openmpi/4.1.1-ucx-no-verbs-no-libfabric,node01
RMA,MPSC,4,3,1,1,10,Producer,2,96,96,0.000659127,0.000135645,openmpi/4.1.1-ucx-no-verbs-no-libfabric,node01
RMA,MPSC,4,3,1,1,10,Producer,3,96,96,0.000659127,0.000135645,openmpi/4.1.1-ucx-no-verbs-no-libfabric,node01
RMA,MPSC,4,3,1,1,10,Consumer,0,192,576,0.001281883,0.000139493,openmpi/4.1.1-ucx-no-verbs-no-libfabric,node01
RMA,MPSC,4,3,1,1,10,Producer,1,192,192,0.001281884,0.000139493,openmpi/4.1.1-ucx-no-verbs-no-libfabric,node01
RMA,MPSC,4,3,1,1,10,Producer,2,192,192,0.001281884,0.000139493,openmpi/4.1.1-ucx-no-verbs-no-libfabric,node01
RMA,MPSC,4,3,1,1,10,Producer,3,192,192,0.001281883,0.000139493,openmpi/4.1.1-ucx-no-verbs-no-libfabric,node01
RMA,MPSC,4,3,1,1,10,Consumer,0,384,1152,0.002602149,0.000137436,openmpi/4.1.1-ucx-no-verbs-no-libfabric,node01
RMA,MPSC,4,3,1,1,10,Producer,1,384,384,0.002602149,0.000137436,openmpi/4.1.1-ucx-no-verbs-no-libfabric,node01
RMA,MPSC,4,3,1,1,10,Producer,2,384,384,0.002602150,0.000137436,openmpi/4.1.1-ucx-no-verbs-no-libfabric,node01
RMA,MPSC,4,3,1,1,10,Producer,3,384,384,0.002602149,0.000137436,openmpi/4.1.1-ucx-no-verbs-no-libfabric,node01
RMA,MPSC,4,3,1,1,10,Consumer,0,768,2304,0.005363650,0.000133352,openmpi/4.1.1-ucx-no-verbs-no-libfabric,node01
RMA,MPSC,4,3,1,1,10,Producer,1,768,768,0.005363650,0.000133352,openmpi/4.1.1-ucx-no-verbs-no-libfabric,node01
RMA,MPSC,4,3,1,1,10,Producer,2,768,768,0.005363650,0.000133352,openmpi/4.1.1-ucx-no-verbs-no-libfabric,node01
RMA,MPSC,4,3,1,1,10,Producer,3,768,768,0.005363650,0.000133352,openmpi/4.1.1-ucx-no-verbs-no-libfabric,node01
RMA,MPSC,4,3,1,1,10,Consumer,0,1536,4608,0.010698070,0.000133717,openmpi/4.1.1-ucx-no-verbs-no-libfabric,node01
RMA,MPSC,4,3,1,1,10,Producer,1,1536,1536,0.010698067,0.000133717,openmpi/4.1.1-ucx-no-verbs-no-libfabric,node01
RMA,MPSC,4,3,1,1,10,Producer,2,1536,1536,0.010698069,0.000133717,openmpi/4.1.1-ucx-no-verbs-no-libfabric,node01
RMA,MPSC,4,3,1,1,10,Producer,3,1536,1536,0.010698069,0.000133717,openmpi/4.1.1-ucx-no-verbs-no-libfabric,node01
RMA,MPSC,4,3,1,1,10,Consumer,0,3072,9216,0.021099295,0.000135598,openmpi/4.1.1-ucx-no-verbs-no-libfabric,node01
RMA,MPSC,4,3,1,1,10,Producer,1,3072,3072,0.021099295,0.000135598,openmpi/4.1.1-ucx-no-verbs-no-libfabric,node01
RMA,MPSC,4,3,1,1,10,Producer,2,3072,3072,0.021099297,0.000135598,openmpi/4.1.1-ucx-no-verbs-no-libfabric,node01
RMA,MPSC,4,3,1,1,10,Producer,3,3072,3072,0.021099293,0.000135598,openmpi/4.1.1-ucx-no-verbs-no-libfabric,node01
RMA,MPSC,4,3,1,1,10,Consumer,0,6144,18432,0.043330236,0.000132057,openmpi/4.1.1-ucx-no-verbs-no-libfabric,node01
RMA,MPSC,4,3,1,1,10,Producer,1,6144,6144,0.043330245,0.000132057,openmpi/4.1.1-ucx-no-verbs-no-libfabric,node01
RMA,MPSC,4,3,1,1,10,Producer,2,6144,6144,0.043330252,0.000132057,openmpi/4.1.1-ucx-no-verbs-no-libfabric,node01
RMA,MPSC,4,3,1,1,10,Producer,3,6144,6144,0.043330241,0.000132057,openmpi/4.1.1-ucx-no-verbs-no-libfabric,node01
RMA,MPSC,4,3,1,1,10,Consumer,0,12288,36864,0.080931189,0.000141405,openmpi/4.1.1-ucx-no-verbs-no-libfabric,node01
RMA,MPSC,4,3,1,1,10,Producer,1,12288,12288,0.080931233,0.000141405,openmpi/4.1.1-ucx-no-verbs-no-libfabric,node01
RMA,MPSC,4,3,1,1,10,Producer,2,12288,12288,0.080931235,0.000141405,openmpi/4.1.1-ucx-no-verbs-no-libfabric,node01
RMA,MPSC,4,3,1,1,10,Producer,3,12288,12288,0.080931202,0.000141405,openmpi/4.1.1-ucx-no-verbs-no-libfabric,node01
RMA,MPSC,4,3,1,1,10,Consumer,0,24576,73728,0.165626087,0.000138192,openmpi/4.1.1-ucx-no-verbs-no-libfabric,node01
RMA,MPSC,4,3,1,1,10,Producer,1,24576,24576,0.165626053,0.000138192,openmpi/4.1.1-ucx-no-verbs-no-libfabric,node01
RMA,MPSC,4,3,1,1,10,Producer,2,24576,24576,0.165626074,0.000138192,openmpi/4.1.1-ucx-no-verbs-no-libfabric,node01
RMA,MPSC,4,3,1,1,10,Producer,3,24576,24576,0.165626109,0.000138192,openmpi/4.1.1-ucx-no-verbs-no-libfabric,node01
RMA,MPSC,4,3,1,1,10,Consumer,0,49152,147456,0.326091639,0.000140379,openmpi/4.1.1-ucx-no-verbs-no-libfabric,node01
RMA,MPSC,4,3,1,1,10,Producer,1,49152,49152,0.326091680,0.000140379,openmpi/4.1.1-ucx-no-verbs-no-libfabric,node01
RMA,MPSC,4,3,1,1,10,Producer,2,49152,49152,0.326091742,0.000140379,openmpi/4.1.1-ucx-no-verbs-no-libfabric,node01
RMA,MPSC,4,3,1,1,10,Producer,3,49152,49152,0.326091584,0.000140379,openmpi/4.1.1-ucx-no-verbs-no-libfabric,node01
RMA,MPSC,4,3,1,1,10,Consumer,0,98304,294912,0.649604284,0.000140936,openmpi/4.1.1-ucx-no-verbs-no-libfabric,node01
RMA,MPSC,4,3,1,1,10,Producer,1,98304,98304,0.649604000,0.000140936,openmpi/4.1.1-ucx-no-verbs-no-libfabric,node01
RMA,MPSC,4,3,1,1,10,Producer,2,98304,98304,0.649603965,0.000140936,openmpi/4.1.1-ucx-no-verbs-no-libfabric,node01
RMA,MPSC,4,3,1,1,10,Producer,3,98304,98304,0.649603939,0.000140936,openmpi/4.1.1-ucx-no-verbs-no-libfabric,node01
RMA,MPSC,4,3,1,1,10,Consumer,0,196608,589824,1.297525425,0.000141119,openmpi/4.1.1-ucx-no-verbs-no-libfabric,node01
RMA,MPSC,4,3,1,1,10,Producer,1,196608,196608,1.297526325,0.000141119,openmpi/4.1.1-ucx-no-verbs-no-libfabric,node01
RMA,MPSC,4,3,1,1,10,Producer,2,196608,196608,1.297525625,0.000141119,openmpi/4.1.1-ucx-no-verbs-no-libfabric,node01
RMA,MPSC,4,3,1,1,10,Producer,3,196608,196608,1.297525413,0.000141119,openmpi/4.1.1-ucx-no-verbs-no-libfabric,node01
RMA,MPSC,4,3,1,1,10,Consumer,0,393216,1179648,2.836115677,0.000129124,openmpi/4.1.1-ucx-no-verbs-no-libfabric,node01
RMA,MPSC,4,3,1,1,10,Producer,1,393216,393216,2.836115893,0.000129124,openmpi/4.1.1-ucx-no-verbs-no-libfabric,node01
RMA,MPSC,4,3,1,1,10,Producer,2,393216,393216,2.836115661,0.000129124,openmpi/4.1.1-ucx-no-verbs-no-libfabric,node01
RMA,MPSC,4,3,1,1,10,Producer,3,393216,393216,2.836114932,0.000129124,openmpi/4.1.1-ucx-no-verbs-no-libfabric,node01
RMA,MPSC,4,3,1,1,10,Consumer,0,786432,2359296,5.349135316,0.000136923,openmpi/4.1.1-ucx-no-verbs-no-libfabric,node01
RMA,MPSC,4,3,1,1,10,Producer,1,786432,786432,5.349133835,0.000136923,openmpi/4.1.1-ucx-no-verbs-no-libfabric,node01
RMA,MPSC,4,3,1,1,10,Producer,2,786432,786432,5.349135588,0.000136923,openmpi/4.1.1-ucx-no-verbs-no-libfabric,node01
RMA,MPSC,4,3,1,1,10,Producer,3,786432,786432,5.349134808,0.000136923,openmpi/4.1.1-ucx-no-verbs-no-libfabric,node01
RMA,MPSC,4,3,1,1,10,Consumer,0,1572864,4718592,10.663843303,0.000137365,openmpi/4.1.1-ucx-no-verbs-no-libfabric,node01
RMA,MPSC,4,3,1,1,10,Producer,1,1572864,1572864,10.663843795,0.000137365,openmpi/4.1.1-ucx-no-verbs-no-libfabric,node01
RMA,MPSC,4,3,1,1,10,Producer,2,1572864,1572864,10.663842975,0.000137365,openmpi/4.1.1-ucx-no-verbs-no-libfabric,node01
RMA,MPSC,4,3,1,1,10,Producer,3,1572864,1572864,10.663845308,0.000137365,openmpi/4.1.1-ucx-no-verbs-no-libfabric,node01
RMA,MPSC,4,3,1,1,10,Consumer,0,3145728,9437184,21.356157900,0.000137182,openmpi/4.1.1-ucx-no-verbs-no-libfabric,node01
RMA,MPSC,4,3,1,1,10,Producer,1,3145728,3145728,21.356163489,0.000137182,openmpi/4.1.1-ucx-no-verbs-no-libfabric,node01
RMA,MPSC,4,3,1,1,10,Producer,2,3145728,3145728,21.356164224,0.000137182,openmpi/4.1.1-ucx-no-verbs-no-libfabric,node01
RMA,MPSC,4,3,1,1,10,Producer,3,3145728,3145728,21.356167817,0.000137182,openmpi/4.1.1-ucx-no-verbs-no-libfabric,node01
RMA,MPSC,5,4,1,1,10,Consumer,0,16,64,0.000205316,0.000072577,openmpi/4.1.1-ucx-no-verbs-no-libfabric,node01
RMA,MPSC,5,4,1,1,10,Producer,1,16,16,0.000205316,0.000072577,openmpi/4.1.1-ucx-no-verbs-no-libfabric,node01
RMA,MPSC,5,4,1,1,10,Producer,2,16,16,0.000205316,0.000072577,openmpi/4.1.1-ucx-no-verbs-no-libfabric,node01
RMA,MPSC,5,4,1,1,10,Producer,3,16,16,0.000205316,0.000072577,openmpi/4.1.1-ucx-no-verbs-no-libfabric,node01
RMA,MPSC,5,4,1,1,10,Producer,4,16,16,0.000205316,0.000072577,openmpi/4.1.1-ucx-no-verbs-no-libfabric,node01
RMA,MPSC,5,4,1,1,10,Consumer,0,32,128,0.000405105,0.000073567,openmpi/4.1.1-ucx-no-verbs-no-libfabric,node01
RMA,MPSC,5,4,1,1,10,Producer,1,32,32,0.000405105,0.000073567,openmpi/4.1.1-ucx-no-verbs-no-libfabric,node01
RMA,MPSC,5,4,1,1,10,Producer,2,32,32,0.000405105,0.000073567,openmpi/4.1.1-ucx-no-verbs-no-libfabric,node01
RMA,MPSC,5,4,1,1,10,Producer,3,32,32,0.000405105,0.000073567,openmpi/4.1.1-ucx-no-verbs-no-libfabric,node01
RMA,MPSC,5,4,1,1,10,Producer,4,32,32,0.000405105,0.000073567,openmpi/4.1.1-ucx-no-verbs-no-libfabric,node01
RMA,MPSC,5,4,1,1,10,Consumer,0,64,256,0.001279959,0.000046568,openmpi/4.1.1-ucx-no-verbs-no-libfabric,node01
RMA,MPSC,5,4,1,1,10,Producer,1,64,64,0.001279959,0.000046568,openmpi/4.1.1-ucx-no-verbs-no-libfabric,node01
RMA,MPSC,5,4,1,1,10,Producer,2,64,64,0.001279959,0.000046568,openmpi/4.1.1-ucx-no-verbs-no-libfabric,node01
RMA,MPSC,5,4,1,1,10,Producer,3,64,64,0.001279959,0.000046568,openmpi/4.1.1-ucx-no-verbs-no-libfabric,node01
RMA,MPSC,5,4,1,1,10,Producer,4,64,64,0.001279959,0.000046568,openmpi/4.1.1-ucx-no-verbs-no-libfabric,node01
RMA,MPSC,5,4,1,1,10,Consumer,0,128,512,0.002463054,0.000048399,openmpi/4.1.1-ucx-no-verbs-no-libfabric,node01
RMA,MPSC,5,4,1,1,10,Producer,1,128,128,0.002463054,0.000048399,openmpi/4.1.1-ucx-no-verbs-no-libfabric,node01
RMA,MPSC,5,4,1,1,10,Producer,2,128,128,0.002463054,0.000048399,openmpi/4.1.1-ucx-no-verbs-no-libfabric,node01
RMA,MPSC,5,4,1,1,10,Producer,3,128,128,0.002463054,0.000048399,openmpi/4.1.1-ucx-no-verbs-no-libfabric,node01
RMA,MPSC,5,4,1,1,10,Producer,4,128,128,0.002463055,0.000048399,openmpi/4.1.1-ucx-no-verbs-no-libfabric,node01
RMA,MPSC,5,4,1,1,10,Consumer,0,256,1024,0.004346340,0.000054855,openmpi/4.1.1-ucx-no-verbs-no-libfabric,node01
RMA,MPSC,5,4,1,1,10,Producer,1,256,256,0.004346338,0.000054855,openmpi/4.1.1-ucx-no-verbs-no-libfabric,node01
RMA,MPSC,5,4,1,1,10,Producer,2,256,256,0.004346340,0.000054855,openmpi/4.1.1-ucx-no-verbs-no-libfabric,node01
RMA,MPSC,5,4,1,1,10,Producer,3,256,256,0.004346338,0.000054855,openmpi/4.1.1-ucx-no-verbs-no-libfabric,node01
RMA,MPSC,5,4,1,1,10,Producer,4,256,256,0.004346341,0.000054855,openmpi/4.1.1-ucx-no-verbs-no-libfabric,node01
RMA,MPSC,5,4,1,1,10,Consumer,0,512,2048,0.009544484,0.000049959,openmpi/4.1.1-ucx-no-verbs-no-libfabric,node01
RMA,MPSC,5,4,1,1,10,Producer,1,512,512,0.009544479,0.000049959,openmpi/4.1.1-ucx-no-verbs-no-libfabric,node01
RMA,MPSC,5,4,1,1,10,Producer,2,512,512,0.009544483,0.000049959,openmpi/4.1.1-ucx-no-verbs-no-libfabric,node01
RMA,MPSC,5,4,1,1,10,Producer,3,512,512,0.009544478,0.000049959,openmpi/4.1.1-ucx-no-verbs-no-libfabric,node01
RMA,MPSC,5,4,1,1,10,Producer,4,512,512,0.009544481,0.000049959,openmpi/4.1.1-ucx-no-verbs-no-libfabric,node01
RMA,MPSC,5,4,1,1,10,Consumer,0,1024,4096,0.021105725,0.000045186,openmpi/4.1.1-ucx-no-verbs-no-libfabric,node01
RMA,MPSC,5,4,1,1,10,Producer,1,1024,1024,0.021105731,0.000045186,openmpi/4.1.1-ucx-no-verbs-no-libfabric,node01
RMA,MPSC,5,4,1,1,10,Producer,2,1024,1024,0.021105729,0.000045186,openmpi/4.1.1-ucx-no-verbs-no-libfabric,node01
RMA,MPSC,5,4,1,1,10,Producer,3,1024,1024,0.021105733,0.000045186,openmpi/4.1.1-ucx-no-verbs-no-libfabric,node01
RMA,MPSC,5,4,1,1,10,Producer,4,1024,1024,0.021105724,0.000045186,openmpi/4.1.1-ucx-no-verbs-no-libfabric,node01
RMA,MPSC,5,4,1,1,10,Consumer,0,2048,8192,0.042677279,0.000044692,openmpi/4.1.1-ucx-no-verbs-no-libfabric,node01
RMA,MPSC,5,4,1,1,10,Producer,1,2048,2048,0.042677270,0.000044692,openmpi/4.1.1-ucx-no-verbs-no-libfabric,node01
RMA,MPSC,5,4,1,1,10,Producer,2,2048,2048,0.042677262,0.000044692,openmpi/4.1.1-ucx-no-verbs-no-libfabric,node01
RMA,MPSC,5,4,1,1,10,Producer,3,2048,2048,0.042677255,0.000044692,openmpi/4.1.1-ucx-no-verbs-no-libfabric,node01
RMA,MPSC,5,4,1,1,10,Producer,4,2048,2048,0.042677265,0.000044692,openmpi/4.1.1-ucx-no-verbs-no-libfabric,node01
RMA,MPSC,5,4,1,1,10,Consumer,0,4096,16384,0.080553509,0.000047356,openmpi/4.1.1-ucx-no-verbs-no-libfabric,node01
RMA,MPSC,5,4,1,1,10,Producer,1,4096,4096,0.080553508,0.000047356,openmpi/4.1.1-ucx-no-verbs-no-libfabric,node01
RMA,MPSC,5,4,1,1,10,Producer,2,4096,4096,0.080553499,0.000047356,openmpi/4.1.1-ucx-no-verbs-no-libfabric,node01
RMA,MPSC,5,4,1,1,10,Producer,3,4096,4096,0.080553479,0.000047356,openmpi/4.1.1-ucx-no-verbs-no-libfabric,node01
RMA,MPSC,5,4,1,1,10,Producer,4,4096,4096,0.080553495,0.000047356,openmpi/4.1.1-ucx-no-verbs-no-libfabric,node01
RMA,MPSC,5,4,1,1,10,Consumer,0,8192,32768,0.161266963,0.000047309,openmpi/4.1.1-ucx-no-verbs-no-libfabric,node01
RMA,MPSC,5,4,1,1,10,Producer,1,8192,8192,0.161266974,0.000047309,openmpi/4.1.1-ucx-no-verbs-no-libfabric,node01
RMA,MPSC,5,4,1,1,10,Producer,2,8192,8192,0.161266944,0.000047309,openmpi/4.1.1-ucx-no-verbs-no-libfabric,node01
RMA,MPSC,5,4,1,1,10,Producer,3,8192,8192,0.161266952,0.000047309,openmpi/4.1.1-ucx-no-verbs-no-libfabric,node01
RMA,MPSC,5,4,1,1,10,Producer,4,8192,8192,0.161266923,0.000047309,openmpi/4.1.1-ucx-no-verbs-no-libfabric,node01
RMA,MPSC,5,4,1,1,10,Consumer,0,16384,65536,0.317920503,0.000047996,openmpi/4.1.1-ucx-no-verbs-no-libfabric,node01
RMA,MPSC,5,4,1,1,10,Producer,1,16384,16384,0.317920562,0.000047996,openmpi/4.1.1-ucx-no-verbs-no-libfabric,node01
RMA,MPSC,5,4,1,1,10,Producer,2,16384,16384,0.317920455,0.000047996,openmpi/4.1.1-ucx-no-verbs-no-libfabric,node01
RMA,MPSC,5,4,1,1,10,Producer,3,16384,16384,0.317920659,0.000047996,openmpi/4.1.1-ucx-no-verbs-no-libfabric,node01
RMA,MPSC,5,4,1,1,10,Producer,4,16384,16384,0.317920457,0.000047996,openmpi/4.1.1-ucx-no-verbs-no-libfabric,node01
RMA,MPSC,5,4,1,1,10,Consumer,0,32768,131072,0.663108143,0.000046022,openmpi/4.1.1-ucx-no-verbs-no-libfabric,node01
RMA,MPSC,5,4,1,1,10,Producer,1,32768,32768,0.663107896,0.000046022,openmpi/4.1.1-ucx-no-verbs-no-libfabric,node01
RMA,MPSC,5,4,1,1,10,Producer,2,32768,32768,0.663108017,0.000046022,openmpi/4.1.1-ucx-no-verbs-no-libfabric,node01
RMA,MPSC,5,4,1,1,10,Producer,3,32768,32768,0.663107910,0.000046022,openmpi/4.1.1-ucx-no-verbs-no-libfabric,node01
RMA,MPSC,5,4,1,1,10,Producer,4,32768,32768,0.663108297,0.000046022,openmpi/4.1.1-ucx-no-verbs-no-libfabric,node01
RMA,MPSC,5,4,1,1,10,Consumer,0,65536,262144,1.317962705,0.000046310,openmpi/4.1.1-ucx-no-verbs-no-libfabric,node01
RMA,MPSC,5,4,1,1,10,Producer,1,65536,65536,1.317962885,0.000046310,openmpi/4.1.1-ucx-no-verbs-no-libfabric,node01
RMA,MPSC,5,4,1,1,10,Producer,2,65536,65536,1.317963017,0.000046310,openmpi/4.1.1-ucx-no-verbs-no-libfabric,node01
RMA,MPSC,5,4,1,1,10,Producer,3,65536,65536,1.317962688,0.000046310,openmpi/4.1.1-ucx-no-verbs-no-libfabric,node01
RMA,MPSC,5,4,1,1,10,Producer,4,65536,65536,1.317962782,0.000046310,openmpi/4.1.1-ucx-no-verbs-no-libfabric,node01
RMA,MPSC,5,4,1,1,10,Consumer,0,131072,524288,2.651643467,0.000046036,openmpi/4.1.1-ucx-no-verbs-no-libfabric,node01
RMA,MPSC,5,4,1,1,10,Producer,1,131072,131072,2.651642426,0.000046036,openmpi/4.1.1-ucx-no-verbs-no-libfabric,node01
RMA,MPSC,5,4,1,1,10,Producer,2,131072,131072,2.651642114,0.000046036,openmpi/4.1.1-ucx-no-verbs-no-libfabric,node01
RMA,MPSC,5,4,1,1,10,Producer,3,131072,131072,2.651643538,0.000046036,openmpi/4.1.1-ucx-no-verbs-no-libfabric,node01
RMA,MPSC,5,4,1,1,10,Producer,4,131072,131072,2.651641996,0.000046036,openmpi/4.1.1-ucx-no-verbs-no-libfabric,node01
RMA,MPSC,5,4,1,1,10,Consumer,0,262144,1048576,4.852790973,0.000050309,openmpi/4.1.1-ucx-no-verbs-no-libfabric,node01
RMA,MPSC,5,4,1,1,10,Producer,1,262144,262144,4.852794414,0.000050309,openmpi/4.1.1-ucx-no-verbs-no-libfabric,node01
RMA,MPSC,5,4,1,1,10,Producer,2,262144,262144,4.852793738,0.000050309,openmpi/4.1.1-ucx-no-verbs-no-libfabric,node01
RMA,MPSC,5,4,1,1,10,Producer,3,262144,262144,4.852791091,0.000050309,openmpi/4.1.1-ucx-no-verbs-no-libfabric,node01
RMA,MPSC,5,4,1,1,10,Producer,4,262144,262144,4.852792824,0.000050309,openmpi/4.1.1-ucx-no-verbs-no-libfabric,node01
RMA,MPSC,5,4,1,1,10,Consumer,0,524288,2097152,10.174564643,0.000047990,openmpi/4.1.1-ucx-no-verbs-no-libfabric,node01
RMA,MPSC,5,4,1,1,10,Producer,1,524288,524288,10.174563670,0.000047990,openmpi/4.1.1-ucx-no-verbs-no-libfabric,node01
RMA,MPSC,5,4,1,1,10,Producer,2,524288,524288,10.174564204,0.000047990,openmpi/4.1.1-ucx-no-verbs-no-libfabric,node01
RMA,MPSC,5,4,1,1,10,Producer,3,524288,524288,10.174567116,0.000047990,openmpi/4.1.1-ucx-no-verbs-no-libfabric,node01
RMA,MPSC,5,4,1,1,10,Producer,4,524288,524288,10.174563452,0.000047990,openmpi/4.1.1-ucx-no-verbs-no-libfabric,node01
RMA,MPSC,5,4,1,1,10,Consumer,0,1048576,4194304,20.294626687,0.000048119,openmpi/4.1.1-ucx-no-verbs-no-libfabric,node01
RMA,MPSC,5,4,1,1,10,Producer,1,1048576,1048576,20.294622529,0.000048119,openmpi/4.1.1-ucx-no-verbs-no-libfabric,node01
RMA,MPSC,5,4,1,1,10,Producer,2,1048576,1048576,20.294625973,0.000048119,openmpi/4.1.1-ucx-no-verbs-no-libfabric,node01
RMA,MPSC,5,4,1,1,10,Producer,3,1048576,1048576,20.294622669,0.000048119,openmpi/4.1.1-ucx-no-verbs-no-libfabric,node01
RMA,MPSC,5,4,1,1,10,Producer,4,1048576,1048576,20.294628784,0.000048119,openmpi/4.1.1-ucx-no-verbs-no-libfabric,node01
RMA,MPSC,5,4,1,1,10,Consumer,0,2097152,8388608,38.972368719,0.000050116,openmpi/4.1.1-ucx-no-verbs-no-libfabric,node01
RMA,MPSC,5,4,1,1,10,Producer,1,2097152,2097152,38.972377150,0.000050116,openmpi/4.1.1-ucx-no-verbs-no-libfabric,node01
RMA,MPSC,5,4,1,1,10,Producer,2,2097152,2097152,38.972368393,0.000050116,openmpi/4.1.1-ucx-no-verbs-no-libfabric,node01
RMA,MPSC,5,4,1,1,10,Producer,3,2097152,2097152,38.972365643,0.000050116,openmpi/4.1.1-ucx-no-verbs-no-libfabric,node01
RMA,MPSC,5,4,1,1,10,Producer,4,2097152,2097152,38.972354485,0.000050116,openmpi/4.1.1-ucx-no-verbs-no-libfabric,node01
RMA,MPSC,5,4,1,1,10,Consumer,0,4194304,16777216,83.933543214,0.000046540,openmpi/4.1.1-ucx-no-verbs-no-libfabric,node01
RMA,MPSC,5,4,1,1,10,Producer,1,4194304,4194304,83.933551801,0.000046540,openmpi/4.1.1-ucx-no-verbs-no-libfabric,node01
RMA,MPSC,5,4,1,1,10,Producer,2,4194304,4194304,83.933542667,0.000046540,openmpi/4.1.1-ucx-no-verbs-no-libfabric,node01
RMA,MPSC,5,4,1,1,10,Producer,3,4194304,4194304,83.933541668,0.000046540,openmpi/4.1.1-ucx-no-verbs-no-libfabric,node01
RMA,MPSC,5,4,1,1,10,Producer,4,4194304,4194304,83.933551954,0.000046540,openmpi/4.1.1-ucx-no-verbs-no-libfabric,node01
RMA,MPSC,6,5,1,1,10,Consumer,0,20,100,0.000547564,0.000034017,openmpi/4.1.1-ucx-no-verbs-no-libfabric,node01
RMA,MPSC,6,5,1,1,10,Producer,1,20,20,0.000547564,0.000034017,openmpi/4.1.1-ucx-no-verbs-no-libfabric,node01
RMA,MPSC,6,5,1,1,10,Producer,2,20,20,0.000547564,0.000034017,openmpi/4.1.1-ucx-no-verbs-no-libfabric,node01
RMA,MPSC,6,5,1,1,10,Producer,3,20,20,0.000547564,0.000034017,openmpi/4.1.1-ucx-no-verbs-no-libfabric,node01
RMA,MPSC,6,5,1,1,10,Producer,4,20,20,0.000547564,0.000034017,openmpi/4.1.1-ucx-no-verbs-no-libfabric,node01
RMA,MPSC,6,5,1,1,10,Producer,5,20,20,0.000547564,0.000034017,openmpi/4.1.1-ucx-no-verbs-no-libfabric,node01
RMA,MPSC,6,5,1,1,10,Consumer,0,40,200,0.000632514,0.000058897,openmpi/4.1.1-ucx-no-verbs-no-libfabric,node01
RMA,MPSC,6,5,1,1,10,Producer,1,40,40,0.000632514,0.000058897,openmpi/4.1.1-ucx-no-verbs-no-libfabric,node01
RMA,MPSC,6,5,1,1,10,Producer,2,40,40,0.000632514,0.000058897,openmpi/4.1.1-ucx-no-verbs-no-libfabric,node01
RMA,MPSC,6,5,1,1,10,Producer,3,40,40,0.000632514,0.000058897,openmpi/4.1.1-ucx-no-verbs-no-libfabric,node01
RMA,MPSC,6,5,1,1,10,Producer,4,40,40,0.000632514,0.000058897,openmpi/4.1.1-ucx-no-verbs-no-libfabric,node01
RMA,MPSC,6,5,1,1,10,Producer,5,40,40,0.000632514,0.000058897,openmpi/4.1.1-ucx-no-verbs-no-libfabric,node01
RMA,MPSC,6,5,1,1,10,Consumer,0,80,400,0.002102875,0.000035430,openmpi/4.1.1-ucx-no-verbs-no-libfabric,node01
RMA,MPSC,6,5,1,1,10,Producer,1,80,80,0.002102875,0.000035430,openmpi/4.1.1-ucx-no-verbs-no-libfabric,node01
RMA,MPSC,6,5,1,1,10,Producer,2,80,80,0.002102876,0.000035430,openmpi/4.1.1-ucx-no-verbs-no-libfabric,node01
RMA,MPSC,6,5,1,1,10,Producer,3,80,80,0.002102875,0.000035430,openmpi/4.1.1-ucx-no-verbs-no-libfabric,node01
RMA,MPSC,6,5,1,1,10,Producer,4,80,80,0.002102875,0.000035430,openmpi/4.1.1-ucx-no-verbs-no-libfabric,node01
RMA,MPSC,6,5,1,1,10,Producer,5,80,80,0.002102875,0.000035430,openmpi/4.1.1-ucx-no-verbs-no-libfabric,node01
RMA,MPSC,6,5,1,1,10,Consumer,0,160,800,0.004160237,0.000035818,openmpi/4.1.1-ucx-no-verbs-no-libfabric,node01
RMA,MPSC,6,5,1,1,10,Producer,1,160,160,0.004160238,0.000035818,openmpi/4.1.1-ucx-no-verbs-no-libfabric,node01
RMA,MPSC,6,5,1,1,10,Producer,2,160,160,0.004160240,0.000035818,openmpi/4.1.1-ucx-no-verbs-no-libfabric,node01
RMA,MPSC,6,5,1,1,10,Producer,3,160,160,0.004160239,0.000035818,openmpi/4.1.1-ucx-no-verbs-no-libfabric,node01
RMA,MPSC,6,5,1,1,10,Producer,4,160,160,0.004160240,0.000035818,openmpi/4.1.1-ucx-no-verbs-no-libfabric,node01
RMA,MPSC,6,5,1,1,10,Producer,5,160,160,0.004160237,0.000035818,openmpi/4.1.1-ucx-no-verbs-no-libfabric,node01
RMA,MPSC,6,5,1,1,10,Consumer,0,320,1600,0.007431440,0.000040103,openmpi/4.1.1-ucx-no-verbs-no-libfabric,node01
RMA,MPSC,6,5,1,1,10,Producer,1,320,320,0.007431438,0.000040103,openmpi/4.1.1-ucx-no-verbs-no-libfabric,node01
RMA,MPSC,6,5,1,1,10,Producer,2,320,320,0.007431439,0.000040103,openmpi/4.1.1-ucx-no-verbs-no-libfabric,node01
RMA,MPSC,6,5,1,1,10,Producer,3,320,320,0.007431436,0.000040103,openmpi/4.1.1-ucx-no-verbs-no-libfabric,node01
RMA,MPSC,6,5,1,1,10,Producer,4,320,320,0.007431438,0.000040103,openmpi/4.1.1-ucx-no-verbs-no-libfabric,node01
RMA,MPSC,6,5,1,1,10,Producer,5,320,320,0.007431439,0.000040103,openmpi/4.1.1-ucx-no-verbs-no-libfabric,node01
RMA,MPSC,6,5,1,1,10,Consumer,0,640,3200,0.015482759,0.000038497,openmpi/4.1.1-ucx-no-verbs-no-libfabric,node01
RMA,MPSC,6,5,1,1,10,Producer,1,640,640,0.015482761,0.000038497,openmpi/4.1.1-ucx-no-verbs-no-libfabric,node01
RMA,MPSC,6,5,1,1,10,Producer,2,640,640,0.015482755,0.000038497,openmpi/4.1.1-ucx-no-verbs-no-libfabric,node01
RMA,MPSC,6,5,1,1,10,Producer,3,640,640,0.015482757,0.000038497,openmpi/4.1.1-ucx-no-verbs-no-libfabric,node01
RMA,MPSC,6,5,1,1,10,Producer,4,640,640,0.015482756,0.000038497,openmpi/4.1.1-ucx-no-verbs-no-libfabric,node01
RMA,MPSC,6,5,1,1,10,Producer,5,640,640,0.015482754,0.000038497,openmpi/4.1.1-ucx-no-verbs-no-libfabric,node01
RMA,MPSC,6,5,1,1,10,Consumer,0,1280,6400,0.030898327,0.000038581,openmpi/4.1.1-ucx-no-verbs-no-libfabric,node01
RMA,MPSC,6,5,1,1,10,Producer,1,1280,1280,0.030898325,0.000038581,openmpi/4.1.1-ucx-no-verbs-no-libfabric,node01
RMA,MPSC,6,5,1,1,10,Producer,2,1280,1280,0.030898323,0.000038581,openmpi/4.1.1-ucx-no-verbs-no-libfabric,node01
RMA,MPSC,6,5,1,1,10,Producer,3,1280,1280,0.030898322,0.000038581,openmpi/4.1.1-ucx-no-verbs-no-libfabric,node01
RMA,MPSC,6,5,1,1,10,Producer,4,1280,1280,0.030898328,0.000038581,openmpi/4.1.1-ucx-no-verbs-no-libfabric,node01
RMA,MPSC,6,5,1,1,10,Producer,5,1280,1280,0.030898329,0.000038581,openmpi/4.1.1-ucx-no-verbs-no-libfabric,node01
RMA,MPSC,6,5,1,1,10,Consumer,0,2560,12800,0.061791206,0.000038585,openmpi/4.1.1-ucx-no-verbs-no-libfabric,node01
RMA,MPSC,6,5,1,1,10,Producer,1,2560,2560,0.061791200,0.000038585,openmpi/4.1.1-ucx-no-verbs-no-libfabric,node01
RMA,MPSC,6,5,1,1,10,Producer,2,2560,2560,0.061791199,0.000038585,openmpi/4.1.1-ucx-no-verbs-no-libfabric,node01
RMA,MPSC,6,5,1,1,10,Producer,3,2560,2560,0.061791202,0.000038585,openmpi/4.1.1-ucx-no-verbs-no-libfabric,node01
RMA,MPSC,6,5,1,1,10,Producer,4,2560,2560,0.061791210,0.000038585,openmpi/4.1.1-ucx-no-verbs-no-libfabric,node01
RMA,MPSC,6,5,1,1,10,Producer,5,2560,2560,0.061791203,0.000038585,openmpi/4.1.1-ucx-no-verbs-no-libfabric,node01
RMA,MPSC,6,5,1,1,10,Consumer,0,5120,25600,0.120926912,0.000039432,openmpi/4.1.1-ucx-no-verbs-no-libfabric,node01
RMA,MPSC,6,5,1,1,10,Producer,1,5120,5120,0.120926909,0.000039432,openmpi/4.1.1-ucx-no-verbs-no-libfabric,node01
RMA,MPSC,6,5,1,1,10,Producer,2,5120,5120,0.120926892,0.000039432,openmpi/4.1.1-ucx-no-verbs-no-libfabric,node01
RMA,MPSC,6,5,1,1,10,Producer,3,5120,5120,0.120926909,0.000039432,openmpi/4.1.1-ucx-no-verbs-no-libfabric,node01
RMA,MPSC,6,5,1,1,10,Producer,4,5120,5120,0.120926872,0.000039432,openmpi/4.1.1-ucx-no-verbs-no-libfabric,node01
RMA,MPSC,6,5,1,1,10,Producer,5,5120,5120,0.120926901,0.000039432,openmpi/4.1.1-ucx-no-verbs-no-libfabric,node01
RMA,MPSC,6,5,1,1,10,Consumer,0,10240,51200,0.247356863,0.000038555,openmpi/4.1.1-ucx-no-verbs-no-libfabric,node01
RMA,MPSC,6,5,1,1,10,Producer,1,10240,10240,0.247356826,0.000038555,openmpi/4.1.1-ucx-no-verbs-no-libfabric,node01
RMA,MPSC,6,5,1,1,10,Producer,2,10240,10240,0.247356873,0.000038555,openmpi/4.1.1-ucx-no-verbs-no-libfabric,node01
RMA,MPSC,6,5,1,1,10,Producer,3,10240,10240,0.247356848,0.000038555,openmpi/4.1.1-ucx-no-verbs-no-libfabric,node01
RMA,MPSC,6,5,1,1,10,Producer,4,10240,10240,0.247356798,0.000038555,openmpi/4.1.1-ucx-no-verbs-no-libfabric,node01
RMA,MPSC,6,5,1,1,10,Producer,5,10240,10240,0.247356805,0.000038555,openmpi/4.1.1-ucx-no-verbs-no-libfabric,node01
RMA,MPSC,6,5,1,1,10,Consumer,0,20480,102400,0.499966116,0.000038150,openmpi/4.1.1-ucx-no-verbs-no-libfabric,node01
RMA,MPSC,6,5,1,1,10,Producer,1,20480,20480,0.499966004,0.000038150,openmpi/4.1.1-ucx-no-verbs-no-libfabric,node01
RMA,MPSC,6,5,1,1,10,Producer,2,20480,20480,0.499966097,0.000038150,openmpi/4.1.1-ucx-no-verbs-no-libfabric,node01
RMA,MPSC,6,5,1,1,10,Producer,3,20480,20480,0.499965922,0.000038150,openmpi/4.1.1-ucx-no-verbs-no-libfabric,node01
RMA,MPSC,6,5,1,1,10,Producer,4,20480,20480,0.499966052,0.000038150,openmpi/4.1.1-ucx-no-verbs-no-libfabric,node01
RMA,MPSC,6,5,1,1,10,Producer,5,20480,20480,0.499966084,0.000038150,openmpi/4.1.1-ucx-no-verbs-no-libfabric,node01
RMA,MPSC,6,5,1,1,10,Consumer,0,40960,204800,0.988960096,0.000038573,openmpi/4.1.1-ucx-no-verbs-no-libfabric,node01
RMA,MPSC,6,5,1,1,10,Producer,1,40960,40960,0.988960118,0.000038573,openmpi/4.1.1-ucx-no-verbs-no-libfabric,node01
RMA,MPSC,6,5,1,1,10,Producer,2,40960,40960,0.988960263,0.000038573,openmpi/4.1.1-ucx-no-verbs-no-libfabric,node01
RMA,MPSC,6,5,1,1,10,Producer,3,40960,40960,0.988959816,0.000038573,openmpi/4.1.1-ucx-no-verbs-no-libfabric,node01
RMA,MPSC,6,5,1,1,10,Producer,4,40960,40960,0.988960023,0.000038573,openmpi/4.1.1-ucx-no-verbs-no-libfabric,node01
RMA,MPSC,6,5,1,1,10,Producer,5,40960,40960,0.988959861,0.000038573,openmpi/4.1.1-ucx-no-verbs-no-libfabric,node01
RMA,MPSC,6,5,1,1,10,Consumer,0,81920,409600,1.969470281,0.000038738,openmpi/4.1.1-ucx-no-verbs-no-libfabric,node01
RMA,MPSC,6,5,1,1,10,Producer,1,81920,81920,1.969470313,0.000038738,openmpi/4.1.1-ucx-no-verbs-no-libfabric,node01
RMA,MPSC,6,5,1,1,10,Producer,2,81920,81920,1.969470664,0.000038738,openmpi/4.1.1-ucx-no-verbs-no-libfabric,node01
RMA,MPSC,6,5,1,1,10,Producer,3,81920,81920,1.969470559,0.000038738,openmpi/4.1.1-ucx-no-verbs-no-libfabric,node01
RMA,MPSC,6,5,1,1,10,Producer,4,81920,81920,1.969470292,0.000038738,openmpi/4.1.1-ucx-no-verbs-no-libfabric,node01
RMA,MPSC,6,5,1,1,10,Producer,5,81920,81920,1.969470832,0.000038738,openmpi/4.1.1-ucx-no-verbs-no-libfabric,node01
RMA,MPSC,6,5,1,1,10,Consumer,0,163840,819200,3.962704279,0.000038506,openmpi/4.1.1-ucx-no-verbs-no-libfabric,node01
RMA,MPSC,6,5,1,1,10,Producer,1,163840,163840,3.962704089,0.000038506,openmpi/4.1.1-ucx-no-verbs-no-libfabric,node01
RMA,MPSC,6,5,1,1,10,Producer,2,163840,163840,3.962703931,0.000038506,openmpi/4.1.1-ucx-no-verbs-no-libfabric,node01
RMA,MPSC,6,5,1,1,10,Producer,3,163840,163840,3.962704481,0.000038506,openmpi/4.1.1-ucx-no-verbs-no-libfabric,node01
RMA,MPSC,6,5,1,1,10,Producer,4,163840,163840,3.962705274,0.000038506,openmpi/4.1.1-ucx-no-verbs-no-libfabric,node01
RMA,MPSC,6,5,1,1,10,Producer,5,163840,163840,3.962705601,0.000038506,openmpi/4.1.1-ucx-no-verbs-no-libfabric,node01
RMA,MPSC,6,5,1,1,10,Consumer,0,327680,1638400,8.061306162,0.000037857,openmpi/4.1.1-ucx-no-verbs-no-libfabric,node01
RMA,MPSC,6,5,1,1,10,Producer,1,327680,327680,8.061303916,0.000037857,openmpi/4.1.1-ucx-no-verbs-no-libfabric,node01
RMA,MPSC,6,5,1,1,10,Producer,2,327680,327680,8.061309017,0.000037857,openmpi/4.1.1-ucx-no-verbs-no-libfabric,node01
RMA,MPSC,6,5,1,1,10,Producer,3,327680,327680,8.061305258,0.000037857,openmpi/4.1.1-ucx-no-verbs-no-libfabric,node01
RMA,MPSC,6,5,1,1,10,Producer,4,327680,327680,8.061304972,0.000037857,openmpi/4.1.1-ucx-no-verbs-no-libfabric,node01
RMA,MPSC,6,5,1,1,10,Producer,5,327680,327680,8.061306748,0.000037857,openmpi/4.1.1-ucx-no-verbs-no-libfabric,node01
RMA,MPSC,6,5,1,1,10,Consumer,0,655360,3276800,15.783172027,0.000038671,openmpi/4.1.1-ucx-no-verbs-no-libfabric,node01
RMA,MPSC,6,5,1,1,10,Producer,1,655360,655360,15.783166734,0.000038671,openmpi/4.1.1-ucx-no-verbs-no-libfabric,node01
RMA,MPSC,6,5,1,1,10,Producer,2,655360,655360,15.783170614,0.000038671,openmpi/4.1.1-ucx-no-verbs-no-libfabric,node01
RMA,MPSC,6,5,1,1,10,Producer,3,655360,655360,15.783167459,0.000038671,openmpi/4.1.1-ucx-no-verbs-no-libfabric,node01
RMA,MPSC,6,5,1,1,10,Producer,4,655360,655360,15.783170810,0.000038671,openmpi/4.1.1-ucx-no-verbs-no-libfabric,node01
RMA,MPSC,6,5,1,1,10,Producer,5,655360,655360,15.783170813,0.000038671,openmpi/4.1.1-ucx-no-verbs-no-libfabric,node01
RMA,MPSC,6,5,1,1,10,Consumer,0,1310720,6553600,31.150146631,0.000039188,openmpi/4.1.1-ucx-no-verbs-no-libfabric,node01
RMA,MPSC,6,5,1,1,10,Producer,1,1310720,1310720,31.150147140,0.000039188,openmpi/4.1.1-ucx-no-verbs-no-libfabric,node01
RMA,MPSC,6,5,1,1,10,Producer,2,1310720,1310720,31.150150921,0.000039188,openmpi/4.1.1-ucx-no-verbs-no-libfabric,node01
RMA,MPSC,6,5,1,1,10,Producer,3,1310720,1310720,31.150146766,0.000039188,openmpi/4.1.1-ucx-no-verbs-no-libfabric,node01
RMA,MPSC,6,5,1,1,10,Producer,4,1310720,1310720,31.150160393,0.000039188,openmpi/4.1.1-ucx-no-verbs-no-libfabric,node01
RMA,MPSC,6,5,1,1,10,Producer,5,1310720,1310720,31.150160998,0.000039188,openmpi/4.1.1-ucx-no-verbs-no-libfabric,node01
RMA,MPSC,6,5,1,1,10,Consumer,0,2621440,13107200,63.543446007,0.000038421,openmpi/4.1.1-ucx-no-verbs-no-libfabric,node01
RMA,MPSC,6,5,1,1,10,Producer,1,2621440,2621440,63.543452636,0.000038421,openmpi/4.1.1-ucx-no-verbs-no-libfabric,node01
RMA,MPSC,6,5,1,1,10,Producer,2,2621440,2621440,63.543447592,0.000038421,openmpi/4.1.1-ucx-no-verbs-no-libfabric,node01
RMA,MPSC,6,5,1,1,10,Producer,3,2621440,2621440,63.543436538,0.000038421,openmpi/4.1.1-ucx-no-verbs-no-libfabric,node01
RMA,MPSC,6,5,1,1,10,Producer,4,2621440,2621440,63.543445198,0.000038421,openmpi/4.1.1-ucx-no-verbs-no-libfabric,node01
RMA,MPSC,6,5,1,1,10,Producer,5,2621440,2621440,63.543456104,0.000038421,openmpi/4.1.1-ucx-no-verbs-no-libfabric,node01
RMA,MPSC,7,6,1,1,10,Consumer,0,24,144,0.000636316,0.000035127,openmpi/4.1.1-ucx-no-verbs-no-libfabric,node01
RMA,MPSC,7,6,1,1,10,Producer,1,24,24,0.000636316,0.000035127,openmpi/4.1.1-ucx-no-verbs-no-libfabric,node01
RMA,MPSC,7,6,1,1,10,Producer,2,24,24,0.000636316,0.000035127,openmpi/4.1.1-ucx-no-verbs-no-libfabric,node01
RMA,MPSC,7,6,1,1,10,Producer,3,24,24,0.000636316,0.000035127,openmpi/4.1.1-ucx-no-verbs-no-libfabric,node01
RMA,MPSC,7,6,1,1,10,Producer,4,24,24,0.000636316,0.000035127,openmpi/4.1.1-ucx-no-verbs-no-libfabric,node01
RMA,MPSC,7,6,1,1,10,Producer,5,24,24,0.000636316,0.000035127,openmpi/4.1.1-ucx-no-verbs-no-libfabric,node01
RMA,MPSC,7,6,1,1,10,Producer,6,24,24,0.000636316,0.000035127,openmpi/4.1.1-ucx-no-verbs-no-libfabric,node01
RMA,MPSC,7,6,1,1,10,Consumer,0,48,288,0.001469499,0.000030421,openmpi/4.1.1-ucx-no-verbs-no-libfabric,node01
RMA,MPSC,7,6,1,1,10,Producer,1,48,48,0.001469499,0.000030421,openmpi/4.1.1-ucx-no-verbs-no-libfabric,node01
RMA,MPSC,7,6,1,1,10,Producer,2,48,48,0.001469499,0.000030421,openmpi/4.1.1-ucx-no-verbs-no-libfabric,node01
RMA,MPSC,7,6,1,1,10,Producer,3,48,48,0.001469499,0.000030421,openmpi/4.1.1-ucx-no-verbs-no-libfabric,node01
RMA,MPSC,7,6,1,1,10,Producer,4,48,48,0.001469499,0.000030421,openmpi/4.1.1-ucx-no-verbs-no-libfabric,node01
RMA,MPSC,7,6,1,1,10,Producer,5,48,48,0.001469499,0.000030421,openmpi/4.1.1-ucx-no-verbs-no-libfabric,node01
RMA,MPSC,7,6,1,1,10,Producer,6,48,48,0.001469499,0.000030421,openmpi/4.1.1-ucx-no-verbs-no-libfabric,node01
RMA,MPSC,7,6,1,1,10,Consumer,0,96,576,0.003467236,0.000025786,openmpi/4.1.1-ucx-no-verbs-no-libfabric,node01
RMA,MPSC,7,6,1,1,10,Producer,1,96,96,0.003467237,0.000025786,openmpi/4.1.1-ucx-no-verbs-no-libfabric,node01
RMA,MPSC,7,6,1,1,10,Producer,2,96,96,0.003467236,0.000025786,openmpi/4.1.1-ucx-no-verbs-no-libfabric,node01
RMA,MPSC,7,6,1,1,10,Producer,3,96,96,0.003467237,0.000025786,openmpi/4.1.1-ucx-no-verbs-no-libfabric,node01
RMA,MPSC,7,6,1,1,10,Producer,4,96,96,0.003467237,0.000025786,openmpi/4.1.1-ucx-no-verbs-no-libfabric,node01
RMA,MPSC,7,6,1,1,10,Producer,5,96,96,0.003467236,0.000025786,openmpi/4.1.1-ucx-no-verbs-no-libfabric,node01
RMA,MPSC,7,6,1,1,10,Producer,6,96,96,0.003467237,0.000025786,openmpi/4.1.1-ucx-no-verbs-no-libfabric,node01
RMA,MPSC,7,6,1,1,10,Consumer,0,192,1152,0.006662744,0.000026838,openmpi/4.1.1-ucx-no-verbs-no-libfabric,node01
RMA,MPSC,7,6,1,1,10,Producer,1,192,192,0.006662742,0.000026838,openmpi/4.1.1-ucx-no-verbs-no-libfabric,node01
RMA,MPSC,7,6,1,1,10,Producer,2,192,192,0.006662745,0.000026838,openmpi/4.1.1-ucx-no-verbs-no-libfabric,node01
RMA,MPSC,7,6,1,1,10,Producer,3,192,192,0.006662744,0.000026838,openmpi/4.1.1-ucx-no-verbs-no-libfabric,node01
RMA,MPSC,7,6,1,1,10,Producer,4,192,192,0.006662743,0.000026838,openmpi/4.1.1-ucx-no-verbs-no-libfabric,node01
RMA,MPSC,7,6,1,1,10,Producer,5,192,192,0.006662744,0.000026838,openmpi/4.1.1-ucx-no-verbs-no-libfabric,node01
RMA,MPSC,7,6,1,1,10,Producer,6,192,192,0.006662742,0.000026838,openmpi/4.1.1-ucx-no-verbs-no-libfabric,node01
RMA,MPSC,7,6,1,1,10,Consumer,0,384,2304,0.012503555,0.000028602,openmpi/4.1.1-ucx-no-verbs-no-libfabric,node01
RMA,MPSC,7,6,1,1,10,Producer,1,384,384,0.012503553,0.000028602,openmpi/4.1.1-ucx-no-verbs-no-libfabric,node01
RMA,MPSC,7,6,1,1,10,Producer,2,384,384,0.012503550,0.000028602,openmpi/4.1.1-ucx-no-verbs-no-libfabric,node01
RMA,MPSC,7,6,1,1,10,Producer,3,384,384,0.012503551,0.000028602,openmpi/4.1.1-ucx-no-verbs-no-libfabric,node01
RMA,MPSC,7,6,1,1,10,Producer,4,384,384,0.012503551,0.000028602,openmpi/4.1.1-ucx-no-verbs-no-libfabric,node01
RMA,MPSC,7,6,1,1,10,Producer,5,384,384,0.012503551,0.000028602,openmpi/4.1.1-ucx-no-verbs-no-libfabric,node01
RMA,MPSC,7,6,1,1,10,Producer,6,384,384,0.012503555,0.000028602,openmpi/4.1.1-ucx-no-verbs-no-libfabric,node01
RMA,MPSC,7,6,1,1,10,Consumer,0,768,4608,0.026818450,0.000026670,openmpi/4.1.1-ucx-no-verbs-no-libfabric,node01
RMA,MPSC,7,6,1,1,10,Producer,1,768,768,0.026818449,0.000026670,openmpi/4.1.1-ucx-no-verbs-no-libfabric,node01
RMA,MPSC,7,6,1,1,10,Producer,2,768,768,0.026818452,0.000026670,openmpi/4.1.1-ucx-no-verbs-no-libfabric,node01
RMA,MPSC,7,6,1,1,10,Producer,3,768,768,0.026818443,0.000026670,openmpi/4.1.1-ucx-no-verbs-no-libfabric,node01
RMA,MPSC,7,6,1,1,10,Producer,4,768,768,0.026818447,0.000026670,openmpi/4.1.1-ucx-no-verbs-no-libfabric,node01
RMA,MPSC,7,6,1,1,10,Producer,5,768,768,0.026818449,0.000026670,openmpi/4.1.1-ucx-no-verbs-no-libfabric,node01
RMA,MPSC,7,6,1,1,10,Producer,6,768,768,0.026818441,0.000026670,openmpi/4.1.1-ucx-no-verbs-no-libfabric,node01
RMA,MPSC,7,6,1,1,10,Consumer,0,1536,9216,0.054726637,0.000026139,openmpi/4.1.1-ucx-no-verbs-no-libfabric,node01
RMA,MPSC,7,6,1,1,10,Producer,1,1536,1536,0.054726637,0.000026139,openmpi/4.1.1-ucx-no-verbs-no-libfabric,node01
RMA,MPSC,7,6,1,1,10,Producer,2,1536,1536,0.054726654,0.000026139,openmpi/4.1.1-ucx-no-verbs-no-libfabric,node01
RMA,MPSC,7,6,1,1,10,Producer,3,1536,1536,0.054726633,0.000026139,openmpi/4.1.1-ucx-no-verbs-no-libfabric,node01
RMA,MPSC,7,6,1,1,10,Producer,4,1536,1536,0.054726660,0.000026139,openmpi/4.1.1-ucx-no-verbs-no-libfabric,node01
RMA,MPSC,7,6,1,1,10,Producer,5,1536,1536,0.054726654,0.000026139,openmpi/4.1.1-ucx-no-verbs-no-libfabric,node01
RMA,MPSC,7,6,1,1,10,Producer,6,1536,1536,0.054726659,0.000026139,openmpi/4.1.1-ucx-no-verbs-no-libfabric,node01
RMA,MPSC,7,6,1,1,10,Consumer,0,3072,18432,0.107923049,0.000026510,openmpi/4.1.1-ucx-no-verbs-no-libfabric,node01
RMA,MPSC,7,6,1,1,10,Producer,1,3072,3072,0.107923041,0.000026510,openmpi/4.1.1-ucx-no-verbs-no-libfabric,node01
RMA,MPSC,7,6,1,1,10,Producer,2,3072,3072,0.107923069,0.000026510,openmpi/4.1.1-ucx-no-verbs-no-libfabric,node01
RMA,MPSC,7,6,1,1,10,Producer,3,3072,3072,0.107923068,0.000026510,openmpi/4.1.1-ucx-no-verbs-no-libfabric,node01
RMA,MPSC,7,6,1,1,10,Producer,4,3072,3072,0.107923033,0.000026510,openmpi/4.1.1-ucx-no-verbs-no-libfabric,node01
RMA,MPSC,7,6,1,1,10,Producer,5,3072,3072,0.107923090,0.000026510,openmpi/4.1.1-ucx-no-verbs-no-libfabric,node01
RMA,MPSC,7,6,1,1,10,Producer,6,3072,3072,0.107923090,0.000026510,openmpi/4.1.1-ucx-no-verbs-no-libfabric,node01
RMA,MPSC,7,6,1,1,10,Consumer,0,6144,36864,0.217127520,0.000026353,openmpi/4.1.1-ucx-no-verbs-no-libfabric,node01
RMA,MPSC,7,6,1,1,10,Producer,1,6144,6144,0.217127549,0.000026353,openmpi/4.1.1-ucx-no-verbs-no-libfabric,node01
RMA,MPSC,7,6,1,1,10,Producer,2,6144,6144,0.217127502,0.000026353,openmpi/4.1.1-ucx-no-verbs-no-libfabric,node01
RMA,MPSC,7,6,1,1,10,Producer,3,6144,6144,0.217127446,0.000026353,openmpi/4.1.1-ucx-no-verbs-no-libfabric,node01
RMA,MPSC,7,6,1,1,10,Producer,4,6144,6144,0.217127525,0.000026353,openmpi/4.1.1-ucx-no-verbs-no-libfabric,node01
RMA,MPSC,7,6,1,1,10,Producer,5,6144,6144,0.217127532,0.000026353,openmpi/4.1.1-ucx-no-verbs-no-libfabric,node01
RMA,MPSC,7,6,1,1,10,Producer,6,6144,6144,0.217127500,0.000026353,openmpi/4.1.1-ucx-no-verbs-no-libfabric,node01
RMA,MPSC,7,6,1,1,10,Consumer,0,12288,73728,0.423231410,0.000027040,openmpi/4.1.1-ucx-no-verbs-no-libfabric,node01
RMA,MPSC,7,6,1,1,10,Producer,1,12288,12288,0.423231415,0.000027040,openmpi/4.1.1-ucx-no-verbs-no-libfabric,node01
RMA,MPSC,7,6,1,1,10,Producer,2,12288,12288,0.423231530,0.000027040,openmpi/4.1.1-ucx-no-verbs-no-libfabric,node01
RMA,MPSC,7,6,1,1,10,Producer,3,12288,12288,0.423231401,0.000027040,openmpi/4.1.1-ucx-no-verbs-no-libfabric,node01
RMA,MPSC,7,6,1,1,10,Producer,4,12288,12288,0.423231463,0.000027040,openmpi/4.1.1-ucx-no-verbs-no-libfabric,node01
RMA,MPSC,7,6,1,1,10,Producer,5,12288,12288,0.423231457,0.000027040,openmpi/4.1.1-ucx-no-verbs-no-libfabric,node01
RMA,MPSC,7,6,1,1,10,Producer,6,12288,12288,0.423231372,0.000027040,openmpi/4.1.1-ucx-no-verbs-no-libfabric,node01
RMA,MPSC,7,6,1,1,10,Consumer,0,24576,147456,0.851438069,0.000026882,openmpi/4.1.1-ucx-no-verbs-no-libfabric,node01
RMA,MPSC,7,6,1,1,10,Producer,1,24576,24576,0.851438456,0.000026882,openmpi/4.1.1-ucx-no-verbs-no-libfabric,node01
RMA,MPSC,7,6,1,1,10,Producer,2,24576,24576,0.851438501,0.000026882,openmpi/4.1.1-ucx-no-verbs-no-libfabric,node01
RMA,MPSC,7,6,1,1,10,Producer,3,24576,24576,0.851438118,0.000026882,openmpi/4.1.1-ucx-no-verbs-no-libfabric,node01
RMA,MPSC,7,6,1,1,10,Producer,4,24576,24576,0.851438133,0.000026882,openmpi/4.1.1-ucx-no-verbs-no-libfabric,node01
RMA,MPSC,7,6,1,1,10,Producer,5,24576,24576,0.851438328,0.000026882,openmpi/4.1.1-ucx-no-verbs-no-libfabric,node01
RMA,MPSC,7,6,1,1,10,Producer,6,24576,24576,0.851438516,0.000026882,openmpi/4.1.1-ucx-no-verbs-no-libfabric,node01
RMA,MPSC,7,6,1,1,10,Consumer,0,49152,294912,1.730961931,0.000026446,openmpi/4.1.1-ucx-no-verbs-no-libfabric,node01
RMA,MPSC,7,6,1,1,10,Producer,1,49152,49152,1.730962616,0.000026446,openmpi/4.1.1-ucx-no-verbs-no-libfabric,node01
RMA,MPSC,7,6,1,1,10,Producer,2,49152,49152,1.730962013,0.000026446,openmpi/4.1.1-ucx-no-verbs-no-libfabric,node01
RMA,MPSC,7,6,1,1,10,Producer,3,49152,49152,1.730962521,0.000026446,openmpi/4.1.1-ucx-no-verbs-no-libfabric,node01
RMA,MPSC,7,6,1,1,10,Producer,4,49152,49152,1.730962367,0.000026446,openmpi/4.1.1-ucx-no-verbs-no-libfabric,node01
RMA,MPSC,7,6,1,1,10,Producer,5,49152,49152,1.730962530,0.000026446,openmpi/4.1.1-ucx-no-verbs-no-libfabric,node01
RMA,MPSC,7,6,1,1,10,Producer,6,49152,49152,1.730962227,0.000026446,openmpi/4.1.1-ucx-no-verbs-no-libfabric,node01
RMA,MPSC,7,6,1,1,10,Consumer,0,98304,589824,3.486859699,0.000026257,openmpi/4.1.1-ucx-no-verbs-no-libfabric,node01
RMA,MPSC,7,6,1,1,10,Producer,1,98304,98304,3.486858603,0.000026257,openmpi/4.1.1-ucx-no-verbs-no-libfabric,node01
RMA,MPSC,7,6,1,1,10,Producer,2,98304,98304,3.486858678,0.000026257,openmpi/4.1.1-ucx-no-verbs-no-libfabric,node01
RMA,MPSC,7,6,1,1,10,Producer,3,98304,98304,3.486859167,0.000026257,openmpi/4.1.1-ucx-no-verbs-no-libfabric,node01
RMA,MPSC,7,6,1,1,10,Producer,4,98304,98304,3.486859849,0.000026256,openmpi/4.1.1-ucx-no-verbs-no-libfabric,node01
RMA,MPSC,7,6,1,1,10,Producer,5,98304,98304,3.486859236,0.000026257,openmpi/4.1.1-ucx-no-verbs-no-libfabric,node01
RMA,MPSC,7,6,1,1,10,Producer,6,98304,98304,3.486859016,0.000026257,openmpi/4.1.1-ucx-no-verbs-no-libfabric,node01
RMA,MPSC,7,6,1,1,10,Consumer,0,196608,1179648,6.900998399,0.000026533,openmpi/4.1.1-ucx-no-verbs-no-libfabric,node01
RMA,MPSC,7,6,1,1,10,Producer,1,196608,196608,6.901000080,0.000026533,openmpi/4.1.1-ucx-no-verbs-no-libfabric,node01
RMA,MPSC,7,6,1,1,10,Producer,2,196608,196608,6.901000616,0.000026533,openmpi/4.1.1-ucx-no-verbs-no-libfabric,node01
RMA,MPSC,7,6,1,1,10,Producer,3,196608,196608,6.900999967,0.000026533,openmpi/4.1.1-ucx-no-verbs-no-libfabric,node01
RMA,MPSC,7,6,1,1,10,Producer,4,196608,196608,6.900999659,0.000026533,openmpi/4.1.1-ucx-no-verbs-no-libfabric,node01
RMA,MPSC,7,6,1,1,10,Producer,5,196608,196608,6.900999126,0.000026533,openmpi/4.1.1-ucx-no-verbs-no-libfabric,node01
RMA,MPSC,7,6,1,1,10,Producer,6,196608,196608,6.901000767,0.000026533,openmpi/4.1.1-ucx-no-verbs-no-libfabric,node01
RMA,MPSC,7,6,1,1,10,Consumer,0,393216,2359296,13.702772663,0.000026725,openmpi/4.1.1-ucx-no-verbs-no-libfabric,node01
RMA,MPSC,7,6,1,1,10,Producer,1,393216,393216,13.702766823,0.000026725,openmpi/4.1.1-ucx-no-verbs-no-libfabric,node01
RMA,MPSC,7,6,1,1,10,Producer,2,393216,393216,13.702769858,0.000026725,openmpi/4.1.1-ucx-no-verbs-no-libfabric,node01
RMA,MPSC,7,6,1,1,10,Producer,3,393216,393216,13.702770647,0.000026725,openmpi/4.1.1-ucx-no-verbs-no-libfabric,node01
RMA,MPSC,7,6,1,1,10,Producer,4,393216,393216,13.702772293,0.000026725,openmpi/4.1.1-ucx-no-verbs-no-libfabric,node01
RMA,MPSC,7,6,1,1,10,Producer,5,393216,393216,13.702767491,0.000026725,openmpi/4.1.1-ucx-no-verbs-no-libfabric,node01
RMA,MPSC,7,6,1,1,10,Producer,6,393216,393216,13.702773055,0.000026725,openmpi/4.1.1-ucx-no-verbs-no-libfabric,node01
RMA,MPSC,7,6,1,1,10,Consumer,0,786432,4718592,27.161845075,0.000026965,openmpi/4.1.1-ucx-no-verbs-no-libfabric,node01
RMA,MPSC,7,6,1,1,10,Producer,1,786432,786432,27.161837784,0.000026965,openmpi/4.1.1-ucx-no-verbs-no-libfabric,node01
RMA,MPSC,7,6,1,1,10,Producer,2,786432,786432,27.161840962,0.000026965,openmpi/4.1.1-ucx-no-verbs-no-libfabric,node01
RMA,MPSC,7,6,1,1,10,Producer,3,786432,786432,27.161839971,0.000026965,openmpi/4.1.1-ucx-no-verbs-no-libfabric,node01
RMA,MPSC,7,6,1,1,10,Producer,4,786432,786432,27.161847825,0.000026965,openmpi/4.1.1-ucx-no-verbs-no-libfabric,node01
RMA,MPSC,7,6,1,1,10,Producer,5,786432,786432,27.161837411,0.000026965,openmpi/4.1.1-ucx-no-verbs-no-libfabric,node01
RMA,MPSC,7,6,1,1,10,Producer,6,786432,786432,27.161839398,0.000026965,openmpi/4.1.1-ucx-no-verbs-no-libfabric,node01
RMA,MPSC,7,6,1,1,10,Consumer,0,1572864,9437184,54.938954153,0.000026663,openmpi/4.1.1-ucx-no-verbs-no-libfabric,node01
RMA,MPSC,7,6,1,1,10,Producer,1,1572864,1572864,54.938962075,0.000026663,openmpi/4.1.1-ucx-no-verbs-no-libfabric,node01
RMA,MPSC,7,6,1,1,10,Producer,2,1572864,1572864,54.938945055,0.000026663,openmpi/4.1.1-ucx-no-verbs-no-libfabric,node01
RMA,MPSC,7,6,1,1,10,Producer,3,1572864,1572864,54.938946480,0.000026663,openmpi/4.1.1-ucx-no-verbs-no-libfabric,node01
RMA,MPSC,7,6,1,1,10,Producer,4,1572864,1572864,54.938954832,0.000026663,openmpi/4.1.1-ucx-no-verbs-no-libfabric,node01
RMA,MPSC,7,6,1,1,10,Producer,5,1572864,1572864,54.938943531,0.000026663,openmpi/4.1.1-ucx-no-verbs-no-libfabric,node01
RMA,MPSC,7,6,1,1,10,Producer,6,1572864,1572864,54.938952967,0.000026663,openmpi/4.1.1-ucx-no-verbs-no-libfabric,node01
RMA,MPSC,7,6,1,1,10,Consumer,0,3145728,18874368,109.978561502,0.000026639,openmpi/4.1.1-ucx-no-verbs-no-libfabric,node01
RMA,MPSC,7,6,1,1,10,Producer,1,3145728,3145728,109.978575904,0.000026639,openmpi/4.1.1-ucx-no-verbs-no-libfabric,node01
RMA,MPSC,7,6,1,1,10,Producer,2,3145728,3145728,109.978560269,0.000026639,openmpi/4.1.1-ucx-no-verbs-no-libfabric,node01
RMA,MPSC,7,6,1,1,10,Producer,3,3145728,3145728,109.978530377,0.000026639,openmpi/4.1.1-ucx-no-verbs-no-libfabric,node01
RMA,MPSC,7,6,1,1,10,Producer,4,3145728,3145728,109.978527190,0.000026639,openmpi/4.1.1-ucx-no-verbs-no-libfabric,node01
RMA,MPSC,7,6,1,1,10,Producer,5,3145728,3145728,109.978538473,0.000026639,openmpi/4.1.1-ucx-no-verbs-no-libfabric,node01
RMA,MPSC,7,6,1,1,10,Producer,6,3145728,3145728,109.978573881,0.000026639,openmpi/4.1.1-ucx-no-verbs-no-libfabric,node01
RMA,MPSC,8,7,1,1,10,Consumer,0,28,196,0.001520803,0.000017147,openmpi/4.1.1-ucx-no-verbs-no-libfabric,node01
RMA,MPSC,8,7,1,1,10,Producer,1,28,28,0.001520802,0.000017147,openmpi/4.1.1-ucx-no-verbs-no-libfabric,node01
RMA,MPSC,8,7,1,1,10,Producer,2,28,28,0.001520803,0.000017147,openmpi/4.1.1-ucx-no-verbs-no-libfabric,node01
RMA,MPSC,8,7,1,1,10,Producer,3,28,28,0.001520803,0.000017147,openmpi/4.1.1-ucx-no-verbs-no-libfabric,node01
RMA,MPSC,8,7,1,1,10,Producer,4,28,28,0.001520803,0.000017147,openmpi/4.1.1-ucx-no-verbs-no-libfabric,node01
RMA,MPSC,8,7,1,1,10,Producer,5,28,28,0.001520803,0.000017147,openmpi/4.1.1-ucx-no-verbs-no-libfabric,node01
RMA,MPSC,8,7,1,1,10,Producer,6,28,28,0.001520803,0.000017147,openmpi/4.1.1-ucx-no-verbs-no-libfabric,node01
RMA,MPSC,8,7,1,1,10,Producer,7,28,28,0.001520802,0.000017147,openmpi/4.1.1-ucx-no-verbs-no-libfabric,node01
RMA,MPSC,8,7,1,1,10,Consumer,0,56,392,0.002579133,0.000020222,openmpi/4.1.1-ucx-no-verbs-no-libfabric,node01
RMA,MPSC,8,7,1,1,10,Producer,1,56,56,0.002579133,0.000020222,openmpi/4.1.1-ucx-no-verbs-no-libfabric,node01
RMA,MPSC,8,7,1,1,10,Producer,2,56,56,0.002579134,0.000020222,openmpi/4.1.1-ucx-no-verbs-no-libfabric,node01
RMA,MPSC,8,7,1,1,10,Producer,3,56,56,0.002579133,0.000020222,openmpi/4.1.1-ucx-no-verbs-no-libfabric,node01
RMA,MPSC,8,7,1,1,10,Producer,4,56,56,0.002579133,0.000020222,openmpi/4.1.1-ucx-no-verbs-no-libfabric,node01
RMA,MPSC,8,7,1,1,10,Producer,5,56,56,0.002579133,0.000020222,openmpi/4.1.1-ucx-no-verbs-no-libfabric,node01
RMA,MPSC,8,7,1,1,10,Producer,6,56,56,0.002579134,0.000020222,openmpi/4.1.1-ucx-no-verbs-no-libfabric,node01
RMA,MPSC,8,7,1,1,10,Producer,7,56,56,0.002579133,0.000020222,openmpi/4.1.1-ucx-no-verbs-no-libfabric,node01
RMA,MPSC,8,7,1,1,10,Consumer,0,112,784,0.004779047,0.000021826,openmpi/4.1.1-ucx-no-verbs-no-libfabric,node01
RMA,MPSC,8,7,1,1,10,Producer,1,112,112,0.004779046,0.000021826,openmpi/4.1.1-ucx-no-verbs-no-libfabric,node01
RMA,MPSC,8,7,1,1,10,Producer,2,112,112,0.004779048,0.000021826,openmpi/4.1.1-ucx-no-verbs-no-libfabric,node01
RMA,MPSC,8,7,1,1,10,Producer,3,112,112,0.004779048,0.000021826,openmpi/4.1.1-ucx-no-verbs-no-libfabric,node01
RMA,MPSC,8,7,1,1,10,Producer,4,112,112,0.004779046,0.000021826,openmpi/4.1.1-ucx-no-verbs-no-libfabric,node01
RMA,MPSC,8,7,1,1,10,Producer,5,112,112,0.004779048,0.000021826,openmpi/4.1.1-ucx-no-verbs-no-libfabric,node01
RMA,MPSC,8,7,1,1,10,Producer,6,112,112,0.004779046,0.000021826,openmpi/4.1.1-ucx-no-verbs-no-libfabric,node01
RMA,MPSC,8,7,1,1,10,Producer,7,112,112,0.004779048,0.000021826,openmpi/4.1.1-ucx-no-verbs-no-libfabric,node01
RMA,MPSC,8,7,1,1,10,Consumer,0,224,1568,0.009075229,0.000022987,openmpi/4.1.1-ucx-no-verbs-no-libfabric,node01
RMA,MPSC,8,7,1,1,10,Producer,1,224,224,0.009075226,0.000022987,openmpi/4.1.1-ucx-no-verbs-no-libfabric,node01
RMA,MPSC,8,7,1,1,10,Producer,2,224,224,0.009075229,0.000022987,openmpi/4.1.1-ucx-no-verbs-no-libfabric,node01
RMA,MPSC,8,7,1,1,10,Producer,3,224,224,0.009075229,0.000022987,openmpi/4.1.1-ucx-no-verbs-no-libfabric,node01
RMA,MPSC,8,7,1,1,10,Producer,4,224,224,0.009075226,0.000022987,openmpi/4.1.1-ucx-no-verbs-no-libfabric,node01
RMA,MPSC,8,7,1,1,10,Producer,5,224,224,0.009075229,0.000022987,openmpi/4.1.1-ucx-no-verbs-no-libfabric,node01
RMA,MPSC,8,7,1,1,10,Producer,6,224,224,0.009075230,0.000022987,openmpi/4.1.1-ucx-no-verbs-no-libfabric,node01
RMA,MPSC,8,7,1,1,10,Producer,7,224,224,0.009075228,0.000022987,openmpi/4.1.1-ucx-no-verbs-no-libfabric,node01
RMA,MPSC,8,7,1,1,10,Consumer,0,448,3136,0.019660183,0.000021222,openmpi/4.1.1-ucx-no-verbs-no-libfabric,node01
RMA,MPSC,8,7,1,1,10,Producer,1,448,448,0.019660180,0.000021222,openmpi/4.1.1-ucx-no-verbs-no-libfabric,node01
RMA,MPSC,8,7,1,1,10,Producer,2,448,448,0.019660175,0.000021222,openmpi/4.1.1-ucx-no-verbs-no-libfabric,node01
RMA,MPSC,8,7,1,1,10,Producer,3,448,448,0.019660183,0.000021222,openmpi/4.1.1-ucx-no-verbs-no-libfabric,node01
RMA,MPSC,8,7,1,1,10,Producer,4,448,448,0.019660184,0.000021222,openmpi/4.1.1-ucx-no-verbs-no-libfabric,node01
RMA,MPSC,8,7,1,1,10,Producer,5,448,448,0.019660177,0.000021222,openmpi/4.1.1-ucx-no-verbs-no-libfabric,node01
RMA,MPSC,8,7,1,1,10,Producer,6,448,448,0.019660188,0.000021222,openmpi/4.1.1-ucx-no-verbs-no-libfabric,node01
RMA,MPSC,8,7,1,1,10,Producer,7,448,448,0.019660186,0.000021222,openmpi/4.1.1-ucx-no-verbs-no-libfabric,node01
RMA,MPSC,8,7,1,1,10,Consumer,0,896,6272,0.040796395,0.000020454,openmpi/4.1.1-ucx-no-verbs-no-libfabric,node01
RMA,MPSC,8,7,1,1,10,Producer,1,896,896,0.040796378,0.000020454,openmpi/4.1.1-ucx-no-verbs-no-libfabric,node01
RMA,MPSC,8,7,1,1,10,Producer,2,896,896,0.040796397,0.000020454,openmpi/4.1.1-ucx-no-verbs-no-libfabric,node01
RMA,MPSC,8,7,1,1,10,Producer,3,896,896,0.040796372,0.000020454,openmpi/4.1.1-ucx-no-verbs-no-libfabric,node01
RMA,MPSC,8,7,1,1,10,Producer,4,896,896,0.040796379,0.000020454,openmpi/4.1.1-ucx-no-verbs-no-libfabric,node01
RMA,MPSC,8,7,1,1,10,Producer,5,896,896,0.040796382,0.000020454,openmpi/4.1.1-ucx-no-verbs-no-libfabric,node01
RMA,MPSC,8,7,1,1,10,Producer,6,896,896,0.040796384,0.000020454,openmpi/4.1.1-ucx-no-verbs-no-libfabric,node01
RMA,MPSC,8,7,1,1,10,Producer,7,896,896,0.040796377,0.000020454,openmpi/4.1.1-ucx-no-verbs-no-libfabric,node01
RMA,MPSC,8,7,1,1,10,Consumer,0,1792,12544,0.081945050,0.000020366,openmpi/4.1.1-ucx-no-verbs-no-libfabric,node01
RMA,MPSC,8,7,1,1,10,Producer,1,1792,1792,0.081945037,0.000020366,openmpi/4.1.1-ucx-no-verbs-no-libfabric,node01
RMA,MPSC,8,7,1,1,10,Producer,2,1792,1792,0.081945024,0.000020366,openmpi/4.1.1-ucx-no-verbs-no-libfabric,node01
RMA,MPSC,8,7,1,1,10,Producer,3,1792,1792,0.081945026,0.000020366,openmpi/4.1.1-ucx-no-verbs-no-libfabric,node01
RMA,MPSC,8,7,1,1,10,Producer,4,1792,1792,0.081945040,0.000020366,openmpi/4.1.1-ucx-no-verbs-no-libfabric,node01
RMA,MPSC,8,7,1,1,10,Producer,5,1792,1792,0.081945008,0.000020366,openmpi/4.1.1-ucx-no-verbs-no-libfabric,node01
RMA,MPSC,8,7,1,1,10,Producer,6,1792,1792,0.081945027,0.000020366,openmpi/4.1.1-ucx-no-verbs-no-libfabric,node01
RMA,MPSC,8,7,1,1,10,Producer,7,1792,1792,0.081945047,0.000020366,openmpi/4.1.1-ucx-no-verbs-no-libfabric,node01
RMA,MPSC,8,7,1,1,10,Consumer,0,3584,25088,0.159464747,0.000020932,openmpi/4.1.1-ucx-no-verbs-no-libfabric,node01
RMA,MPSC,8,7,1,1,10,Producer,1,3584,3584,0.159464755,0.000020932,openmpi/4.1.1-ucx-no-verbs-no-libfabric,node01
RMA,MPSC,8,7,1,1,10,Producer,2,3584,3584,0.159464755,0.000020932,openmpi/4.1.1-ucx-no-verbs-no-libfabric,node01
RMA,MPSC,8,7,1,1,10,Producer,3,3584,3584,0.159464833,0.000020932,openmpi/4.1.1-ucx-no-verbs-no-libfabric,node01
RMA,MPSC,8,7,1,1,10,Producer,4,3584,3584,0.159464831,0.000020932,openmpi/4.1.1-ucx-no-verbs-no-libfabric,node01
RMA,MPSC,8,7,1,1,10,Producer,5,3584,3584,0.159464727,0.000020932,openmpi/4.1.1-ucx-no-verbs-no-libfabric,node01
RMA,MPSC,8,7,1,1,10,Producer,6,3584,3584,0.159464776,0.000020932,openmpi/4.1.1-ucx-no-verbs-no-libfabric,node01
RMA,MPSC,8,7,1,1,10,Producer,7,3584,3584,0.159464725,0.000020932,openmpi/4.1.1-ucx-no-verbs-no-libfabric,node01
RMA,MPSC,8,7,1,1,10,Consumer,0,7168,50176,0.316761779,0.000021075,openmpi/4.1.1-ucx-no-verbs-no-libfabric,node01
RMA,MPSC,8,7,1,1,10,Producer,1,7168,7168,0.316761813,0.000021075,openmpi/4.1.1-ucx-no-verbs-no-libfabric,node01
RMA,MPSC,8,7,1,1,10,Producer,2,7168,7168,0.316761743,0.000021075,openmpi/4.1.1-ucx-no-verbs-no-libfabric,node01
RMA,MPSC,8,7,1,1,10,Producer,3,7168,7168,0.316761812,0.000021075,openmpi/4.1.1-ucx-no-verbs-no-libfabric,node01
RMA,MPSC,8,7,1,1,10,Producer,4,7168,7168,0.316761841,0.000021075,openmpi/4.1.1-ucx-no-verbs-no-libfabric,node01
RMA,MPSC,8,7,1,1,10,Producer,5,7168,7168,0.316761805,0.000021075,openmpi/4.1.1-ucx-no-verbs-no-libfabric,node01
RMA,MPSC,8,7,1,1,10,Producer,6,7168,7168,0.316761776,0.000021075,openmpi/4.1.1-ucx-no-verbs-no-libfabric,node01
RMA,MPSC,8,7,1,1,10,Producer,7,7168,7168,0.316761828,0.000021075,openmpi/4.1.1-ucx-no-verbs-no-libfabric,node01
RMA,MPSC,8,7,1,1,10,Consumer,0,14336,100352,0.652250731,0.000020470,openmpi/4.1.1-ucx-no-verbs-no-libfabric,node01
RMA,MPSC,8,7,1,1,10,Producer,1,14336,14336,0.652250384,0.000020470,openmpi/4.1.1-ucx-no-verbs-no-libfabric,node01
RMA,MPSC,8,7,1,1,10,Producer,2,14336,14336,0.652250594,0.000020470,openmpi/4.1.1-ucx-no-verbs-no-libfabric,node01
RMA,MPSC,8,7,1,1,10,Producer,3,14336,14336,0.652250365,0.000020470,openmpi/4.1.1-ucx-no-verbs-no-libfabric,node01
RMA,MPSC,8,7,1,1,10,Producer,4,14336,14336,0.652250754,0.000020470,openmpi/4.1.1-ucx-no-verbs-no-libfabric,node01
RMA,MPSC,8,7,1,1,10,Producer,5,14336,14336,0.652250451,0.000020470,openmpi/4.1.1-ucx-no-verbs-no-libfabric,node01
RMA,MPSC,8,7,1,1,10,Producer,6,14336,14336,0.652250667,0.000020470,openmpi/4.1.1-ucx-no-verbs-no-libfabric,node01
RMA,MPSC,8,7,1,1,10,Producer,7,14336,14336,0.652250620,0.000020470,openmpi/4.1.1-ucx-no-verbs-no-libfabric,node01
RMA,MPSC,8,7,1,1,10,Consumer,0,28672,200704,1.284764792,0.000020784,openmpi/4.1.1-ucx-no-verbs-no-libfabric,node01
RMA,MPSC,8,7,1,1,10,Producer,1,28672,28672,1.284765118,0.000020784,openmpi/4.1.1-ucx-no-verbs-no-libfabric,node01
RMA,MPSC,8,7,1,1,10,Producer,2,28672,28672,1.284764307,0.000020784,openmpi/4.1.1-ucx-no-verbs-no-libfabric,node01
RMA,MPSC,8,7,1,1,10,Producer,3,28672,28672,1.284764502,0.000020784,openmpi/4.1.1-ucx-no-verbs-no-libfabric,node01
RMA,MPSC,8,7,1,1,10,Producer,4,28672,28672,1.284764938,0.000020784,openmpi/4.1.1-ucx-no-verbs-no-libfabric,node01
RMA,MPSC,8,7,1,1,10,Producer,5,28672,28672,1.284765202,0.000020784,openmpi/4.1.1-ucx-no-verbs-no-libfabric,node01
RMA,MPSC,8,7,1,1,10,Producer,6,28672,28672,1.284764371,0.000020784,openmpi/4.1.1-ucx-no-verbs-no-libfabric,node01
RMA,MPSC,8,7,1,1,10,Producer,7,28672,28672,1.284764744,0.000020784,openmpi/4.1.1-ucx-no-verbs-no-libfabric,node01
RMA,MPSC,8,7,1,1,10,Consumer,0,57344,401408,2.566243642,0.000020811,openmpi/4.1.1-ucx-no-verbs-no-libfabric,node01
RMA,MPSC,8,7,1,1,10,Producer,1,57344,57344,2.566243995,0.000020811,openmpi/4.1.1-ucx-no-verbs-no-libfabric,node01
RMA,MPSC,8,7,1,1,10,Producer,2,57344,57344,2.566242688,0.000020811,openmpi/4.1.1-ucx-no-verbs-no-libfabric,node01
RMA,MPSC,8,7,1,1,10,Producer,3,57344,57344,2.566243847,0.000020811,openmpi/4.1.1-ucx-no-verbs-no-libfabric,node01
RMA,MPSC,8,7,1,1,10,Producer,4,57344,57344,2.566243436,0.000020811,openmpi/4.1.1-ucx-no-verbs-no-libfabric,node01
RMA,MPSC,8,7,1,1,10,Producer,5,57344,57344,2.566244056,0.000020811,openmpi/4.1.1-ucx-no-verbs-no-libfabric,node01
RMA,MPSC,8,7,1,1,10,Producer,6,57344,57344,2.566242655,0.000020811,openmpi/4.1.1-ucx-no-verbs-no-libfabric,node01
RMA,MPSC,8,7,1,1,10,Producer,7,57344,57344,2.566243117,0.000020811,openmpi/4.1.1-ucx-no-verbs-no-libfabric,node01
RMA,MPSC,8,7,1,1,10,Consumer,0,114688,802816,5.235899704,0.000020400,openmpi/4.1.1-ucx-no-verbs-no-libfabric,node01
RMA,MPSC,8,7,1,1,10,Producer,1,114688,114688,5.235898789,0.000020400,openmpi/4.1.1-ucx-no-verbs-no-libfabric,node01
RMA,MPSC,8,7,1,1,10,Producer,2,114688,114688,5.235899724,0.000020400,openmpi/4.1.1-ucx-no-verbs-no-libfabric,node01
RMA,MPSC,8,7,1,1,10,Producer,3,114688,114688,5.235899917,0.000020400,openmpi/4.1.1-ucx-no-verbs-no-libfabric,node01
RMA,MPSC,8,7,1,1,10,Producer,4,114688,114688,5.235897238,0.000020400,openmpi/4.1.1-ucx-no-verbs-no-libfabric,node01
RMA,MPSC,8,7,1,1,10,Producer,5,114688,114688,5.235900022,0.000020400,openmpi/4.1.1-ucx-no-verbs-no-libfabric,node01
RMA,MPSC,8,7,1,1,10,Producer,6,114688,114688,5.235900808,0.000020400,openmpi/4.1.1-ucx-no-verbs-no-libfabric,node01
RMA,MPSC,8,7,1,1,10,Producer,7,114688,114688,5.235898159,0.000020400,openmpi/4.1.1-ucx-no-verbs-no-libfabric,node01
RMA,MPSC,8,7,1,1,10,Consumer,0,229376,1605632,10.532860234,0.000020282,openmpi/4.1.1-ucx-no-verbs-no-libfabric,node01
RMA,MPSC,8,7,1,1,10,Producer,1,229376,229376,10.532863016,0.000020282,openmpi/4.1.1-ucx-no-verbs-no-libfabric,node01
RMA,MPSC,8,7,1,1,10,Producer,2,229376,229376,10.532865344,0.000020282,openmpi/4.1.1-ucx-no-verbs-no-libfabric,node01
RMA,MPSC,8,7,1,1,10,Producer,3,229376,229376,10.532863593,0.000020282,openmpi/4.1.1-ucx-no-verbs-no-libfabric,node01
RMA,MPSC,8,7,1,1,10,Producer,4,229376,229376,10.532861734,0.000020282,openmpi/4.1.1-ucx-no-verbs-no-libfabric,node01
RMA,MPSC,8,7,1,1,10,Producer,5,229376,229376,10.532864743,0.000020282,openmpi/4.1.1-ucx-no-verbs-no-libfabric,node01
RMA,MPSC,8,7,1,1,10,Producer,6,229376,229376,10.532861881,0.000020282,openmpi/4.1.1-ucx-no-verbs-no-libfabric,node01
RMA,MPSC,8,7,1,1,10,Producer,7,229376,229376,10.532865539,0.000020282,openmpi/4.1.1-ucx-no-verbs-no-libfabric,node01
RMA,MPSC,8,7,1,1,10,Consumer,0,458752,3211264,20.513740373,0.000020827,openmpi/4.1.1-ucx-no-verbs-no-libfabric,node01
RMA,MPSC,8,7,1,1,10,Producer,1,458752,458752,20.513736124,0.000020827,openmpi/4.1.1-ucx-no-verbs-no-libfabric,node01
RMA,MPSC,8,7,1,1,10,Producer,2,458752,458752,20.513739742,0.000020827,openmpi/4.1.1-ucx-no-verbs-no-libfabric,node01
RMA,MPSC,8,7,1,1,10,Producer,3,458752,458752,20.513733413,0.000020827,openmpi/4.1.1-ucx-no-verbs-no-libfabric,node01
RMA,MPSC,8,7,1,1,10,Producer,4,458752,458752,20.513736905,0.000020827,openmpi/4.1.1-ucx-no-verbs-no-libfabric,node01
RMA,MPSC,8,7,1,1,10,Producer,5,458752,458752,20.513741220,0.000020827,openmpi/4.1.1-ucx-no-verbs-no-libfabric,node01
RMA,MPSC,8,7,1,1,10,Producer,6,458752,458752,20.513744574,0.000020827,openmpi/4.1.1-ucx-no-verbs-no-libfabric,node01
RMA,MPSC,8,7,1,1,10,Producer,7,458752,458752,20.513744159,0.000020827,openmpi/4.1.1-ucx-no-verbs-no-libfabric,node01
RMA,MPSC,8,7,1,1,10,Consumer,0,917504,6422528,41.480979792,0.000020600,openmpi/4.1.1-ucx-no-verbs-no-libfabric,node01
RMA,MPSC,8,7,1,1,10,Producer,1,917504,917504,41.480987373,0.000020600,openmpi/4.1.1-ucx-no-verbs-no-libfabric,node01
RMA,MPSC,8,7,1,1,10,Producer,2,917504,917504,41.480979253,0.000020600,openmpi/4.1.1-ucx-no-verbs-no-libfabric,node01
RMA,MPSC,8,7,1,1,10,Producer,3,917504,917504,41.480974581,0.000020600,openmpi/4.1.1-ucx-no-verbs-no-libfabric,node01
RMA,MPSC,8,7,1,1,10,Producer,4,917504,917504,41.480983485,0.000020600,openmpi/4.1.1-ucx-no-verbs-no-libfabric,node01
RMA,MPSC,8,7,1,1,10,Producer,5,917504,917504,41.480982886,0.000020600,openmpi/4.1.1-ucx-no-verbs-no-libfabric,node01
RMA,MPSC,8,7,1,1,10,Producer,6,917504,917504,41.480965437,0.000020600,openmpi/4.1.1-ucx-no-verbs-no-libfabric,node01
RMA,MPSC,8,7,1,1,10,Producer,7,917504,917504,41.480978507,0.000020600,openmpi/4.1.1-ucx-no-verbs-no-libfabric,node01
RMA,MPSC,8,7,1,1,10,Consumer,0,1835008,12845056,81.713238877,0.000020914,openmpi/4.1.1-ucx-no-verbs-no-libfabric,node01
RMA,MPSC,8,7,1,1,10,Producer,1,1835008,1835008,81.713200160,0.000020914,openmpi/4.1.1-ucx-no-verbs-no-libfabric,node01
RMA,MPSC,8,7,1,1,10,Producer,2,1835008,1835008,81.713238428,0.000020914,openmpi/4.1.1-ucx-no-verbs-no-libfabric,node01
RMA,MPSC,8,7,1,1,10,Producer,3,1835008,1835008,81.713245301,0.000020914,openmpi/4.1.1-ucx-no-verbs-no-libfabric,node01
RMA,MPSC,8,7,1,1,10,Producer,4,1835008,1835008,81.713218083,0.000020914,openmpi/4.1.1-ucx-no-verbs-no-libfabric,node01
RMA,MPSC,8,7,1,1,10,Producer,5,1835008,1835008,81.713238201,0.000020914,openmpi/4.1.1-ucx-no-verbs-no-libfabric,node01
RMA,MPSC,8,7,1,1,10,Producer,6,1835008,1835008,81.713247100,0.000020914,openmpi/4.1.1-ucx-no-verbs-no-libfabric,node01
RMA,MPSC,8,7,1,1,10,Producer,7,1835008,1835008,81.713213428,0.000020914,openmpi/4.1.1-ucx-no-verbs-no-libfabric,node01
RMA,MPSC,8,7,1,1,10,Consumer,0,3670016,25690112,165.966615496,0.000020594,openmpi/4.1.1-ucx-no-verbs-no-libfabric,node01
RMA,MPSC,8,7,1,1,10,Producer,1,3670016,3670016,165.966659534,0.000020594,openmpi/4.1.1-ucx-no-verbs-no-libfabric,node01
RMA,MPSC,8,7,1,1,10,Producer,2,3670016,3670016,165.966632397,0.000020594,openmpi/4.1.1-ucx-no-verbs-no-libfabric,node01
RMA,MPSC,8,7,1,1,10,Producer,3,3670016,3670016,165.966594018,0.000020594,openmpi/4.1.1-ucx-no-verbs-no-libfabric,node01
RMA,MPSC,8,7,1,1,10,Producer,4,3670016,3670016,165.966631759,0.000020594,openmpi/4.1.1-ucx-no-verbs-no-libfabric,node01
RMA,MPSC,8,7,1,1,10,Producer,5,3670016,3670016,165.966582440,0.000020594,openmpi/4.1.1-ucx-no-verbs-no-libfabric,node01
RMA,MPSC,8,7,1,1,10,Producer,6,3670016,3670016,165.966609031,0.000020594,openmpi/4.1.1-ucx-no-verbs-no-libfabric,node01
RMA,MPSC,8,7,1,1,10,Producer,7,3670016,3670016,165.966652696,0.000020594,openmpi/4.1.1-ucx-no-verbs-no-libfabric,node01
RMA,MPSC,9,8,1,1,10,Consumer,0,32,256,0.002380449,0.000012520,openmpi/4.1.1-ucx-no-verbs-no-libfabric,node01
RMA,MPSC,9,8,1,1,10,Producer,1,32,32,0.002380448,0.000012520,openmpi/4.1.1-ucx-no-verbs-no-libfabric,node01
RMA,MPSC,9,8,1,1,10,Producer,2,32,32,0.002380449,0.000012520,openmpi/4.1.1-ucx-no-verbs-no-libfabric,node01
RMA,MPSC,9,8,1,1,10,Producer,3,32,32,0.002380449,0.000012520,openmpi/4.1.1-ucx-no-verbs-no-libfabric,node01
RMA,MPSC,9,8,1,1,10,Producer,4,32,32,0.002380448,0.000012520,openmpi/4.1.1-ucx-no-verbs-no-libfabric,node01
RMA,MPSC,9,8,1,1,10,Producer,5,32,32,0.002380448,0.000012520,openmpi/4.1.1-ucx-no-verbs-no-libfabric,node01
RMA,MPSC,9,8,1,1,10,Producer,6,32,32,0.002380448,0.000012520,openmpi/4.1.1-ucx-no-verbs-no-libfabric,node01
RMA,MPSC,9,8,1,1,10,Producer,7,32,32,0.002380449,0.000012520,openmpi/4.1.1-ucx-no-verbs-no-libfabric,node01
RMA,MPSC,9,8,1,1,10,Producer,8,32,32,0.002380449,0.000012520,openmpi/4.1.1-ucx-no-verbs-no-libfabric,node01
RMA,MPSC,9,8,1,1,10,Consumer,0,64,512,0.003714219,0.000016048,openmpi/4.1.1-ucx-no-verbs-no-libfabric,node01
RMA,MPSC,9,8,1,1,10,Producer,1,64,64,0.003714220,0.000016048,openmpi/4.1.1-ucx-no-verbs-no-libfabric,node01
RMA,MPSC,9,8,1,1,10,Producer,2,64,64,0.003714220,0.000016048,openmpi/4.1.1-ucx-no-verbs-no-libfabric,node01
RMA,MPSC,9,8,1,1,10,Producer,3,64,64,0.003714219,0.000016048,openmpi/4.1.1-ucx-no-verbs-no-libfabric,node01
RMA,MPSC,9,8,1,1,10,Producer,4,64,64,0.003714220,0.000016048,openmpi/4.1.1-ucx-no-verbs-no-libfabric,node01
RMA,MPSC,9,8,1,1,10,Producer,5,64,64,0.003714220,0.000016048,openmpi/4.1.1-ucx-no-verbs-no-libfabric,node01
RMA,MPSC,9,8,1,1,10,Producer,6,64,64,0.003714220,0.000016048,openmpi/4.1.1-ucx-no-verbs-no-libfabric,node01
RMA,MPSC,9,8,1,1,10,Producer,7,64,64,0.003714219,0.000016048,openmpi/4.1.1-ucx-no-verbs-no-libfabric,node01
RMA,MPSC,9,8,1,1,10,Producer,8,64,64,0.003714220,0.000016048,openmpi/4.1.1-ucx-no-verbs-no-libfabric,node01
RMA,MPSC,9,8,1,1,10,Consumer,0,128,1024,0.007097980,0.000016795,openmpi/4.1.1-ucx-no-verbs-no-libfabric,node01
RMA,MPSC,9,8,1,1,10,Producer,1,128,128,0.007097979,0.000016795,openmpi/4.1.1-ucx-no-verbs-no-libfabric,node01
RMA,MPSC,9,8,1,1,10,Producer,2,128,128,0.007097980,0.000016795,openmpi/4.1.1-ucx-no-verbs-no-libfabric,node01
RMA,MPSC,9,8,1,1,10,Producer,3,128,128,0.007097979,0.000016795,openmpi/4.1.1-ucx-no-verbs-no-libfabric,node01
RMA,MPSC,9,8,1,1,10,Producer,4,128,128,0.007097980,0.000016795,openmpi/4.1.1-ucx-no-verbs-no-libfabric,node01
RMA,MPSC,9,8,1,1,10,Producer,5,128,128,0.007097981,0.000016795,openmpi/4.1.1-ucx-no-verbs-no-libfabric,node01
RMA,MPSC,9,8,1,1,10,Producer,6,128,128,0.007097979,0.000016795,openmpi/4.1.1-ucx-no-verbs-no-libfabric,node01
RMA,MPSC,9,8,1,1,10,Producer,7,128,128,0.007097979,0.000016795,openmpi/4.1.1-ucx-no-verbs-no-libfabric,node01
RMA,MPSC,9,8,1,1,10,Producer,8,128,128,0.007097979,0.000016795,openmpi/4.1.1-ucx-no-verbs-no-libfabric,node01
RMA,MPSC,9,8,1,1,10,Consumer,0,256,2048,0.014681548,0.000016239,openmpi/4.1.1-ucx-no-verbs-no-libfabric,node01
RMA,MPSC,9,8,1,1,10,Producer,1,256,256,0.014681554,0.000016239,openmpi/4.1.1-ucx-no-verbs-no-libfabric,node01
RMA,MPSC,9,8,1,1,10,Producer,2,256,256,0.014681554,0.000016239,openmpi/4.1.1-ucx-no-verbs-no-libfabric,node01
RMA,MPSC,9,8,1,1,10,Producer,3,256,256,0.014681550,0.000016239,openmpi/4.1.1-ucx-no-verbs-no-libfabric,node01
RMA,MPSC,9,8,1,1,10,Producer,4,256,256,0.014681549,0.000016239,openmpi/4.1.1-ucx-no-verbs-no-libfabric,node01
RMA,MPSC,9,8,1,1,10,Producer,5,256,256,0.014681554,0.000016239,openmpi/4.1.1-ucx-no-verbs-no-libfabric,node01
RMA,MPSC,9,8,1,1,10,Producer,6,256,256,0.014681548,0.000016239,openmpi/4.1.1-ucx-no-verbs-no-libfabric,node01
RMA,MPSC,9,8,1,1,10,Producer,7,256,256,0.014681551,0.000016239,openmpi/4.1.1-ucx-no-verbs-no-libfabric,node01
RMA,MPSC,9,8,1,1,10,Producer,8,256,256,0.014681551,0.000016239,openmpi/4.1.1-ucx-no-verbs-no-libfabric,node01
RMA,MPSC,9,8,1,1,10,Consumer,0,512,4096,0.031468885,0.000015153,openmpi/4.1.1-ucx-no-verbs-no-libfabric,node01
RMA,MPSC,9,8,1,1,10,Producer,1,512,512,0.031468882,0.000015153,openmpi/4.1.1-ucx-no-verbs-no-libfabric,node01
RMA,MPSC,9,8,1,1,10,Producer,2,512,512,0.031468880,0.000015153,openmpi/4.1.1-ucx-no-verbs-no-libfabric,node01
RMA,MPSC,9,8,1,1,10,Producer,3,512,512,0.031468898,0.000015153,openmpi/4.1.1-ucx-no-verbs-no-libfabric,node01
RMA,MPSC,9,8,1,1,10,Producer,4,512,512,0.031468888,0.000015153,openmpi/4.1.1-ucx-no-verbs-no-libfabric,node01
RMA,MPSC,9,8,1,1,10,Producer,5,512,512,0.031468882,0.000015153,openmpi/4.1.1-ucx-no-verbs-no-libfabric,node01
RMA,MPSC,9,8,1,1,10,Producer,6,512,512,0.031468887,0.000015153,openmpi/4.1.1-ucx-no-verbs-no-libfabric,node01
RMA,MPSC,9,8,1,1,10,Producer,7,512,512,0.031468876,0.000015153,openmpi/4.1.1-ucx-no-verbs-no-libfabric,node01
RMA,MPSC,9,8,1,1,10,Producer,8,512,512,0.031468888,0.000015153,openmpi/4.1.1-ucx-no-verbs-no-libfabric,node01
RMA,MPSC,9,8,1,1,10,Consumer,0,1024,8192,0.063285092,0.000015069,openmpi/4.1.1-ucx-no-verbs-no-libfabric,node01
RMA,MPSC,9,8,1,1,10,Producer,1,1024,1024,0.063285060,0.000015070,openmpi/4.1.1-ucx-no-verbs-no-libfabric,node01
RMA,MPSC,9,8,1,1,10,Producer,2,1024,1024,0.063285089,0.000015069,openmpi/4.1.1-ucx-no-verbs-no-libfabric,node01
RMA,MPSC,9,8,1,1,10,Producer,3,1024,1024,0.063285063,0.000015070,openmpi/4.1.1-ucx-no-verbs-no-libfabric,node01
RMA,MPSC,9,8,1,1,10,Producer,4,1024,1024,0.063285072,0.000015069,openmpi/4.1.1-ucx-no-verbs-no-libfabric,node01
RMA,MPSC,9,8,1,1,10,Producer,5,1024,1024,0.063285106,0.000015069,openmpi/4.1.1-ucx-no-verbs-no-libfabric,node01
RMA,MPSC,9,8,1,1,10,Producer,6,1024,1024,0.063285084,0.000015069,openmpi/4.1.1-ucx-no-verbs-no-libfabric,node01
RMA,MPSC,9,8,1,1,10,Producer,7,1024,1024,0.063285090,0.000015069,openmpi/4.1.1-ucx-no-verbs-no-libfabric,node01
RMA,MPSC,9,8,1,1,10,Producer,8,1024,1024,0.063285106,0.000015069,openmpi/4.1.1-ucx-no-verbs-no-libfabric,node01
RMA,MPSC,9,8,1,1,10,Consumer,0,2048,16384,0.126202358,0.000015113,openmpi/4.1.1-ucx-no-verbs-no-libfabric,node01
RMA,MPSC,9,8,1,1,10,Producer,1,2048,2048,0.126202436,0.000015113,openmpi/4.1.1-ucx-no-verbs-no-libfabric,node01
RMA,MPSC,9,8,1,1,10,Producer,2,2048,2048,0.126202351,0.000015113,openmpi/4.1.1-ucx-no-verbs-no-libfabric,node01
RMA,MPSC,9,8,1,1,10,Producer,3,2048,2048,0.126202463,0.000015113,openmpi/4.1.1-ucx-no-verbs-no-libfabric,node01
RMA,MPSC,9,8,1,1,10,Producer,4,2048,2048,0.126202455,0.000015113,openmpi/4.1.1-ucx-no-verbs-no-libfabric,node01
RMA,MPSC,9,8,1,1,10,Producer,5,2048,2048,0.126202438,0.000015113,openmpi/4.1.1-ucx-no-verbs-no-libfabric,node01
RMA,MPSC,9,8,1,1,10,Producer,6,2048,2048,0.126202414,0.000015113,openmpi/4.1.1-ucx-no-verbs-no-libfabric,node01
RMA,MPSC,9,8,1,1,10,Producer,7,2048,2048,0.126202372,0.000015113,openmpi/4.1.1-ucx-no-verbs-no-libfabric,node01
RMA,MPSC,9,8,1,1,10,Producer,8,2048,2048,0.126202371,0.000015113,openmpi/4.1.1-ucx-no-verbs-no-libfabric,node01
RMA,MPSC,9,8,1,1,10,Consumer,0,4096,32768,0.257081658,0.000014838,openmpi/4.1.1-ucx-no-verbs-no-libfabric,node01
RMA,MPSC,9,8,1,1,10,Producer,1,4096,4096,0.257081741,0.000014838,openmpi/4.1.1-ucx-no-verbs-no-libfabric,node01
RMA,MPSC,9,8,1,1,10,Producer,2,4096,4096,0.257081684,0.000014838,openmpi/4.1.1-ucx-no-verbs-no-libfabric,node01
RMA,MPSC,9,8,1,1,10,Producer,3,4096,4096,0.257081541,0.000014838,openmpi/4.1.1-ucx-no-verbs-no-libfabric,node01
RMA,MPSC,9,8,1,1,10,Producer,4,4096,4096,0.257081720,0.000014838,openmpi/4.1.1-ucx-no-verbs-no-libfabric,node01
RMA,MPSC,9,8,1,1,10,Producer,5,4096,4096,0.257081538,0.000014838,openmpi/4.1.1-ucx-no-verbs-no-libfabric,node01
RMA,MPSC,9,8,1,1,10,Producer,6,4096,4096,0.257081703,0.000014838,openmpi/4.1.1-ucx-no-verbs-no-libfabric,node01
RMA,MPSC,9,8,1,1,10,Producer,7,4096,4096,0.257081585,0.000014838,openmpi/4.1.1-ucx-no-verbs-no-libfabric,node01
RMA,MPSC,9,8,1,1,10,Producer,8,4096,4096,0.257081564,0.000014838,openmpi/4.1.1-ucx-no-verbs-no-libfabric,node01
RMA,MPSC,9,8,1,1,10,Consumer,0,8192,65536,0.518820457,0.000014705,openmpi/4.1.1-ucx-no-verbs-no-libfabric,node01
RMA,MPSC,9,8,1,1,10,Producer,1,8192,8192,0.518820489,0.000014705,openmpi/4.1.1-ucx-no-verbs-no-libfabric,node01
RMA,MPSC,9,8,1,1,10,Producer,2,8192,8192,0.518820438,0.000014705,openmpi/4.1.1-ucx-no-verbs-no-libfabric,node01
RMA,MPSC,9,8,1,1,10,Producer,3,8192,8192,0.518820762,0.000014705,openmpi/4.1.1-ucx-no-verbs-no-libfabric,node01
RMA,MPSC,9,8,1,1,10,Producer,4,8192,8192,0.518820391,0.000014705,openmpi/4.1.1-ucx-no-verbs-no-libfabric,node01
RMA,MPSC,9,8,1,1,10,Producer,5,8192,8192,0.518820292,0.000014705,openmpi/4.1.1-ucx-no-verbs-no-libfabric,node01
RMA,MPSC,9,8,1,1,10,Producer,6,8192,8192,0.518820545,0.000014705,openmpi/4.1.1-ucx-no-verbs-no-libfabric,node01
RMA,MPSC,9,8,1,1,10,Producer,7,8192,8192,0.518820615,0.000014705,openmpi/4.1.1-ucx-no-verbs-no-libfabric,node01
RMA,MPSC,9,8,1,1,10,Producer,8,8192,8192,0.518820718,0.000014705,openmpi/4.1.1-ucx-no-verbs-no-libfabric,node01
RMA,MPSC,9,8,1,1,10,Consumer,0,16384,131072,1.006347923,0.000015163,openmpi/4.1.1-ucx-no-verbs-no-libfabric,node01
RMA,MPSC,9,8,1,1,10,Producer,1,16384,16384,1.006347763,0.000015163,openmpi/4.1.1-ucx-no-verbs-no-libfabric,node01
RMA,MPSC,9,8,1,1,10,Producer,2,16384,16384,1.006347885,0.000015163,openmpi/4.1.1-ucx-no-verbs-no-libfabric,node01
RMA,MPSC,9,8,1,1,10,Producer,3,16384,16384,1.006348586,0.000015163,openmpi/4.1.1-ucx-no-verbs-no-libfabric,node01
RMA,MPSC,9,8,1,1,10,Producer,4,16384,16384,1.006347709,0.000015163,openmpi/4.1.1-ucx-no-verbs-no-libfabric,node01
RMA,MPSC,9,8,1,1,10,Producer,5,16384,16384,1.006347881,0.000015163,openmpi/4.1.1-ucx-no-verbs-no-libfabric,node01
RMA,MPSC,9,8,1,1,10,Producer,6,16384,16384,1.006348400,0.000015163,openmpi/4.1.1-ucx-no-verbs-no-libfabric,node01
RMA,MPSC,9,8,1,1,10,Producer,7,16384,16384,1.006348392,0.000015163,openmpi/4.1.1-ucx-no-verbs-no-libfabric,node01
RMA,MPSC,9,8,1,1,10,Producer,8,16384,16384,1.006348029,0.000015163,openmpi/4.1.1-ucx-no-verbs-no-libfabric,node01
RMA,MPSC,9,8,1,1,10,Consumer,0,32768,262144,2.002820776,0.000015237,openmpi/4.1.1-ucx-no-verbs-no-libfabric,node01
RMA,MPSC,9,8,1,1,10,Producer,1,32768,32768,2.002820037,0.000015237,openmpi/4.1.1-ucx-no-verbs-no-libfabric,node01
RMA,MPSC,9,8,1,1,10,Producer,2,32768,32768,2.002820215,0.000015237,openmpi/4.1.1-ucx-no-verbs-no-libfabric,node01
RMA,MPSC,9,8,1,1,10,Producer,3,32768,32768,2.002819204,0.000015237,openmpi/4.1.1-ucx-no-verbs-no-libfabric,node01
RMA,MPSC,9,8,1,1,10,Producer,4,32768,32768,2.002820231,0.000015237,openmpi/4.1.1-ucx-no-verbs-no-libfabric,node01
RMA,MPSC,9,8,1,1,10,Producer,5,32768,32768,2.002820445,0.000015237,openmpi/4.1.1-ucx-no-verbs-no-libfabric,node01
RMA,MPSC,9,8,1,1,10,Producer,6,32768,32768,2.002820699,0.000015237,openmpi/4.1.1-ucx-no-verbs-no-libfabric,node01
RMA,MPSC,9,8,1,1,10,Producer,7,32768,32768,2.002820108,0.000015237,openmpi/4.1.1-ucx-no-verbs-no-libfabric,node01
RMA,MPSC,9,8,1,1,10,Producer,8,32768,32768,2.002819661,0.000015237,openmpi/4.1.1-ucx-no-verbs-no-libfabric,node01
RMA,MPSC,9,8,1,1,10,Consumer,0,65536,524288,4.038570329,0.000015113,openmpi/4.1.1-ucx-no-verbs-no-libfabric,node01
RMA,MPSC,9,8,1,1,10,Producer,1,65536,65536,4.038569826,0.000015113,openmpi/4.1.1-ucx-no-verbs-no-libfabric,node01
RMA,MPSC,9,8,1,1,10,Producer,2,65536,65536,4.038566632,0.000015113,openmpi/4.1.1-ucx-no-verbs-no-libfabric,node01
RMA,MPSC,9,8,1,1,10,Producer,3,65536,65536,4.038568479,0.000015113,openmpi/4.1.1-ucx-no-verbs-no-libfabric,node01
RMA,MPSC,9,8,1,1,10,Producer,4,65536,65536,4.038569216,0.000015113,openmpi/4.1.1-ucx-no-verbs-no-libfabric,node01
RMA,MPSC,9,8,1,1,10,Producer,5,65536,65536,4.038566793,0.000015113,openmpi/4.1.1-ucx-no-verbs-no-libfabric,node01
RMA,MPSC,9,8,1,1,10,Producer,6,65536,65536,4.038568418,0.000015113,openmpi/4.1.1-ucx-no-verbs-no-libfabric,node01
RMA,MPSC,9,8,1,1,10,Producer,7,65536,65536,4.038566856,0.000015113,openmpi/4.1.1-ucx-no-verbs-no-libfabric,node01
RMA,MPSC,9,8,1,1,10,Producer,8,65536,65536,4.038568025,0.000015113,openmpi/4.1.1-ucx-no-verbs-no-libfabric,node01
RMA,MPSC,9,8,1,1,10,Consumer,0,131072,1048576,8.085987115,0.000015097,openmpi/4.1.1-ucx-no-verbs-no-libfabric,node01
RMA,MPSC,9,8,1,1,10,Producer,1,131072,131072,8.085987634,0.000015097,openmpi/4.1.1-ucx-no-verbs-no-libfabric,node01
RMA,MPSC,9,8,1,1,10,Producer,2,131072,131072,8.085988654,0.000015097,openmpi/4.1.1-ucx-no-verbs-no-libfabric,node01
RMA,MPSC,9,8,1,1,10,Producer,3,131072,131072,8.085984420,0.000015097,openmpi/4.1.1-ucx-no-verbs-no-libfabric,node01
RMA,MPSC,9,8,1,1,10,Producer,4,131072,131072,8.085985986,0.000015097,openmpi/4.1.1-ucx-no-verbs-no-libfabric,node01
RMA,MPSC,9,8,1,1,10,Producer,5,131072,131072,8.085984834,0.000015097,openmpi/4.1.1-ucx-no-verbs-no-libfabric,node01
RMA,MPSC,9,8,1,1,10,Producer,6,131072,131072,8.085989063,0.000015097,openmpi/4.1.1-ucx-no-verbs-no-libfabric,node01
RMA,MPSC,9,8,1,1,10,Producer,7,131072,131072,8.085990106,0.000015097,openmpi/4.1.1-ucx-no-verbs-no-libfabric,node01
RMA,MPSC,9,8,1,1,10,Producer,8,131072,131072,8.085985465,0.000015097,openmpi/4.1.1-ucx-no-verbs-no-libfabric,node01
RMA,MPSC,9,8,1,1,10,Consumer,0,262144,2097152,16.072573677,0.000015190,openmpi/4.1.1-ucx-no-verbs-no-libfabric,node01
RMA,MPSC,9,8,1,1,10,Producer,1,262144,262144,16.072576073,0.000015190,openmpi/4.1.1-ucx-no-verbs-no-libfabric,node01
RMA,MPSC,9,8,1,1,10,Producer,2,262144,262144,16.072576212,0.000015190,openmpi/4.1.1-ucx-no-verbs-no-libfabric,node01
RMA,MPSC,9,8,1,1,10,Producer,3,262144,262144,16.072584206,0.000015190,openmpi/4.1.1-ucx-no-verbs-no-libfabric,node01
RMA,MPSC,9,8,1,1,10,Producer,4,262144,262144,16.072582080,0.000015190,openmpi/4.1.1-ucx-no-verbs-no-libfabric,node01
RMA,MPSC,9,8,1,1,10,Producer,5,262144,262144,16.072578028,0.000015190,openmpi/4.1.1-ucx-no-verbs-no-libfabric,node01
RMA,MPSC,9,8,1,1,10,Producer,6,262144,262144,16.072583603,0.000015190,openmpi/4.1.1-ucx-no-verbs-no-libfabric,node01
RMA,MPSC,9,8,1,1,10,Producer,7,262144,262144,16.072584919,0.000015190,openmpi/4.1.1-ucx-no-verbs-no-libfabric,node01
RMA,MPSC,9,8,1,1,10,Producer,8,262144,262144,16.072582355,0.000015190,openmpi/4.1.1-ucx-no-verbs-no-libfabric,node01
RMA,MPSC,9,8,1,1,10,Consumer,0,524288,4194304,31.897012457,0.000015308,openmpi/4.1.1-ucx-no-verbs-no-libfabric,node01
RMA,MPSC,9,8,1,1,10,Producer,1,524288,524288,31.897016744,0.000015308,openmpi/4.1.1-ucx-no-verbs-no-libfabric,node01
RMA,MPSC,9,8,1,1,10,Producer,2,524288,524288,31.897010458,0.000015308,openmpi/4.1.1-ucx-no-verbs-no-libfabric,node01
RMA,MPSC,9,8,1,1,10,Producer,3,524288,524288,31.897003655,0.000015308,openmpi/4.1.1-ucx-no-verbs-no-libfabric,node01
RMA,MPSC,9,8,1,1,10,Producer,4,524288,524288,31.897010750,0.000015308,openmpi/4.1.1-ucx-no-verbs-no-libfabric,node01
RMA,MPSC,9,8,1,1,10,Producer,5,524288,524288,31.897005337,0.000015308,openmpi/4.1.1-ucx-no-verbs-no-libfabric,node01
RMA,MPSC,9,8,1,1,10,Producer,6,524288,524288,31.897011684,0.000015308,openmpi/4.1.1-ucx-no-verbs-no-libfabric,node01
RMA,MPSC,9,8,1,1,10,Producer,7,524288,524288,31.897005826,0.000015308,openmpi/4.1.1-ucx-no-verbs-no-libfabric,node01
RMA,MPSC,9,8,1,1,10,Producer,8,524288,524288,31.897005749,0.000015308,openmpi/4.1.1-ucx-no-verbs-no-libfabric,node01
RMA,MPSC,9,8,1,1,10,Consumer,0,1048576,8388608,64.518989487,0.000015136,openmpi/4.1.1-ucx-no-verbs-no-libfabric,node01
RMA,MPSC,9,8,1,1,10,Producer,1,1048576,1048576,64.518992215,0.000015136,openmpi/4.1.1-ucx-no-verbs-no-libfabric,node01
RMA,MPSC,9,8,1,1,10,Producer,2,1048576,1048576,64.518995070,0.000015136,openmpi/4.1.1-ucx-no-verbs-no-libfabric,node01
RMA,MPSC,9,8,1,1,10,Producer,3,1048576,1048576,64.519032260,0.000015136,openmpi/4.1.1-ucx-no-verbs-no-libfabric,node01
RMA,MPSC,9,8,1,1,10,Producer,4,1048576,1048576,64.518990663,0.000015136,openmpi/4.1.1-ucx-no-verbs-no-libfabric,node01
RMA,MPSC,9,8,1,1,10,Producer,5,1048576,1048576,64.518994076,0.000015136,openmpi/4.1.1-ucx-no-verbs-no-libfabric,node01
RMA,MPSC,9,8,1,1,10,Producer,6,1048576,1048576,64.518983877,0.000015136,openmpi/4.1.1-ucx-no-verbs-no-libfabric,node01
RMA,MPSC,9,8,1,1,10,Producer,7,1048576,1048576,64.519005499,0.000015136,openmpi/4.1.1-ucx-no-verbs-no-libfabric,node01
RMA,MPSC,9,8,1,1,10,Producer,8,1048576,1048576,64.519022007,0.000015136,openmpi/4.1.1-ucx-no-verbs-no-libfabric,node01
RMA,MPSC,9,8,1,1,10,Consumer,0,2097152,16777216,129.324631997,0.000015102,openmpi/4.1.1-ucx-no-verbs-no-libfabric,node01
RMA,MPSC,9,8,1,1,10,Producer,1,2097152,2097152,129.324672326,0.000015102,openmpi/4.1.1-ucx-no-verbs-no-libfabric,node01
RMA,MPSC,9,8,1,1,10,Producer,2,2097152,2097152,129.324668166,0.000015102,openmpi/4.1.1-ucx-no-verbs-no-libfabric,node01
RMA,MPSC,9,8,1,1,10,Producer,3,2097152,2097152,129.324602795,0.000015103,openmpi/4.1.1-ucx-no-verbs-no-libfabric,node01
RMA,MPSC,9,8,1,1,10,Producer,4,2097152,2097152,129.324587384,0.000015103,openmpi/4.1.1-ucx-no-verbs-no-libfabric,node01
RMA,MPSC,9,8,1,1,10,Producer,5,2097152,2097152,129.324601719,0.000015103,openmpi/4.1.1-ucx-no-verbs-no-libfabric,node01
RMA,MPSC,9,8,1,1,10,Producer,6,2097152,2097152,129.324629083,0.000015102,openmpi/4.1.1-ucx-no-verbs-no-libfabric,node01
RMA,MPSC,9,8,1,1,10,Producer,7,2097152,2097152,129.324606746,0.000015103,openmpi/4.1.1-ucx-no-verbs-no-libfabric,node01
RMA,MPSC,9,8,1,1,10,Producer,8,2097152,2097152,129.324674580,0.000015102,openmpi/4.1.1-ucx-no-verbs-no-libfabric,node01
RMA,MPSC,9,8,1,1,10,Consumer,0,4194304,33554432,257.825763913,0.000015151,openmpi/4.1.1-ucx-no-verbs-no-libfabric,node01
RMA,MPSC,9,8,1,1,10,Producer,1,4194304,4194304,257.825808651,0.000015151,openmpi/4.1.1-ucx-no-verbs-no-libfabric,node01
RMA,MPSC,9,8,1,1,10,Producer,2,4194304,4194304,257.825700442,0.000015151,openmpi/4.1.1-ucx-no-verbs-no-libfabric,node01
RMA,MPSC,9,8,1,1,10,Producer,3,4194304,4194304,257.825894166,0.000015151,openmpi/4.1.1-ucx-no-verbs-no-libfabric,node01
RMA,MPSC,9,8,1,1,10,Producer,4,4194304,4194304,257.825695747,0.000015151,openmpi/4.1.1-ucx-no-verbs-no-libfabric,node01
RMA,MPSC,9,8,1,1,10,Producer,5,4194304,4194304,257.825870155,0.000015151,openmpi/4.1.1-ucx-no-verbs-no-libfabric,node01
RMA,MPSC,9,8,1,1,10,Producer,6,4194304,4194304,257.825765641,0.000015151,openmpi/4.1.1-ucx-no-verbs-no-libfabric,node01
RMA,MPSC,9,8,1,1,10,Producer,7,4194304,4194304,257.825873389,0.000015151,openmpi/4.1.1-ucx-no-verbs-no-libfabric,node01
RMA,MPSC,9,8,1,1,10,Producer,8,4194304,4194304,257.825770540,0.000015151,openmpi/4.1.1-ucx-no-verbs-no-libfabric,node01
